-- phpMyAdmin SQL Dump
-- version 4.9.5
-- https://www.phpmyadmin.net/
--
-- Host: 127.0.0.1:3306
-- Waktu pembuatan: 04 Jan 2022 pada 15.38
-- Versi server: 10.5.12-MariaDB-cll-lve
-- Versi PHP: 7.2.34

SET SQL_MODE = "NO_AUTO_VALUE_ON_ZERO";
SET AUTOCOMMIT = 0;
START TRANSACTION;
SET time_zone = "+00:00";


/*!40101 SET @OLD_CHARACTER_SET_CLIENT=@@CHARACTER_SET_CLIENT */;
/*!40101 SET @OLD_CHARACTER_SET_RESULTS=@@CHARACTER_SET_RESULTS */;
/*!40101 SET @OLD_COLLATION_CONNECTION=@@COLLATION_CONNECTION */;
/*!40101 SET NAMES utf8mb4 */;

--
-- Database: `u741451673_visionmulti`
--

-- --------------------------------------------------------

--
-- Struktur dari tabel `categories`
--

CREATE TABLE `categories` (
  `category_id` bigint(255) NOT NULL,
  `warehouse_id` bigint(255) NOT NULL DEFAULT 1,
  `category_name` varchar(255) NOT NULL
) ENGINE=InnoDB DEFAULT CHARSET=utf8mb4;

--
-- Dumping data untuk tabel `categories`
--

INSERT INTO `categories` (`category_id`, `warehouse_id`, `category_name`) VALUES
(8, 1, 'KIPAS KUNINGAN'),
(9, 1, 'STERNTUBE/STENTIP'),
(10, 1, 'MUR KIPAS'),
(11, 3, 'KIPAS KUNINGAN'),
(12, 2, 'ff');

-- --------------------------------------------------------

--
-- Struktur dari tabel `products`
--

CREATE TABLE `products` (
  `product_id` bigint(255) NOT NULL,
  `warehouse_id` bigint(255) NOT NULL DEFAULT 1,
  `user_id` bigint(255) NOT NULL,
  `product_code` bigint(255) NOT NULL,
  `product_name` varchar(255) NOT NULL,
  `purchase_price` decimal(11,2) NOT NULL,
  `sale_price` decimal(11,2) NOT NULL,
  `category_id` bigint(255) DEFAULT NULL
) ENGINE=InnoDB DEFAULT CHARSET=utf8mb4;

--
-- Dumping data untuk tabel `products`
--

INSERT INTO `products` (`product_id`, `warehouse_id`, `user_id`, `product_code`, `product_name`, `purchase_price`, `sale_price`, `category_id`) VALUES
(17, 1, 1, 10026223, 'KIPAS  26 x 22 x D3', '0.00', '0.00', 8),
(19, 1, 1, 10012123, 'KIPAS 12 X 12 X D3', '0.00', '0.00', 8),
(20, 1, 1, 10013113, 'KIPAS 13 X 11 X D3', '0.00', '0.00', 8),
(21, 1, 1, 11013113, 'KIPAS 13 X 11 X D3 LH', '0.00', '0.00', 8),
(22, 1, 1, 10014113, 'KIPAS 14 X 11 X D3', '0.00', '0.00', 8),
(23, 1, 1, 10015113, 'KIPAS 15 X 11X D3', '0.00', '0.00', 8),
(24, 1, 1, 10015123, 'KIPAS 15 X 12 X D3', '0.00', '0.00', 8),
(25, 1, 1, 10027264, 'Kipas 27 x 26 x D4', '0.00', '0.00', 8),
(26, 1, 1, 10028193, 'Kipas 28 x 19 x D3', '0.00', '0.00', 8),
(27, 1, 1, 10028203, 'Kipas 28 x 20 x D3', '0.00', '0.00', 8),
(28, 1, 1, 10028213, 'Kipas 28 x 21 x D3', '0.00', '0.00', 8),
(29, 1, 1, 10028223, 'Kipas 28 x 22 x D3', '0.00', '0.00', 8),
(30, 1, 1, 10028243, 'Kipas 28 x 24 x D3', '0.00', '0.00', 8),
(31, 1, 1, 10028263, 'Kipas 28 x 26 x D3', '0.00', '0.00', 8),
(32, 1, 1, 10028173, 'Kipas 28 x 17 x D3', '0.00', '0.00', 8),
(33, 1, 1, 10128223, 'Kipas 28 x 22 x DB3', '0.00', '0.00', 8),
(34, 1, 1, 10028264, 'Kipas 28 x 26 x D4', '0.00', '0.00', 8),
(35, 1, 1, 10028284, 'Kipas 28 x 28 x D4', '0.00', '0.00', 8),
(36, 1, 1, 10028304, 'Kipas 28 x 30 x D4', '0.00', '0.00', 8),
(37, 1, 1, 11028304, 'Kipas 28 x 30 xD4 Lh', '0.00', '0.00', 8),
(38, 1, 1, 10029193, 'Kipas 29 x 19 x D3', '0.00', '0.00', 8),
(39, 1, 1, 10129273, 'Kipas 29 x 27 x DB3', '0.00', '0.00', 8),
(40, 1, 1, 10030193, 'Kipas 30 x 19 x D3', '0.00', '0.00', 8),
(41, 1, 1, 10030203, 'Kipas 30 x 20 x D3', '0.00', '0.00', 8),
(42, 1, 1, 10130283, 'Kipas 30 x 28 x DB3', '0.00', '0.00', 8),
(43, 1, 1, 10030283, 'Kipas 30 x 28 x D3', '0.00', '0.00', 8),
(44, 1, 1, 10030284, 'Kipas 30 x 28 x D4', '0.00', '0.00', 8),
(45, 1, 1, 10030303, 'Kipas 30 x 30 x D3', '0.00', '0.00', 8),
(46, 1, 1, 10030304, 'Kipas 30 x 30 x D4', '0.00', '0.00', 8),
(47, 1, 1, 10030324, 'Kipas 30 x 32 x D4', '0.00', '0.00', 8),
(48, 1, 1, 10030344, 'Kipas 30 x 34 x D4', '0.00', '0.00', 8),
(49, 1, 1, 10030364, 'Kipas 30 x 36 x D4', '0.00', '0.00', 8),
(50, 1, 1, 10030384, 'Kipas 30 x 38 x D4', '0.00', '0.00', 8),
(51, 1, 1, 10131303, 'Kipas 31 x 30 x DB3', '0.00', '0.00', 8),
(52, 1, 1, 10032203, 'Kipas 32 x 20 x D3', '0.00', '0.00', 8),
(53, 1, 1, 10032223, 'Kipas 32 x 22 x D3', '0.00', '0.00', 8),
(54, 1, 1, 10032233, 'Kipas 32 x 23 x D3', '0.00', '0.00', 8),
(55, 1, 1, 10032243, 'Kipas 32 x 24 x D3', '0.00', '0.00', 8),
(56, 1, 1, 10032303, 'Kipas 32 x 30 x D3', '0.00', '0.00', 8),
(57, 1, 1, 10032304, 'Kipas 32 x 30 x D4', '0.00', '0.00', 8),
(58, 1, 1, 10032324, 'Kipas 32 x 32 x D4', '0.00', '0.00', 8),
(59, 1, 1, 10032344, 'Kipas 32 x 34 x D4', '0.00', '0.00', 8),
(60, 1, 1, 10032394, 'Kipas 32 x 39 x D4', '0.00', '0.00', 8),
(61, 1, 1, 10132394, 'Kipas 32 x 39 x DB4', '0.00', '0.00', 8),
(62, 1, 1, 10032404, 'Kipas 32 x 40 x D4', '0.00', '0.00', 8),
(64, 1, 1, 10115123, 'Kipas 15 x 12 x DB3', '0.00', '0.00', 8),
(65, 1, 1, 10033223, 'Kipas 33 x 22 x D3', '0.00', '0.00', 8),
(66, 1, 1, 10033374, 'Kipas 33 x 37 x D4', '0.00', '0.00', 8),
(67, 1, 1, 10115143, 'Kipas 15 x 14 x DB3', '0.00', '0.00', 8),
(68, 1, 1, 10034243, 'Kipas 32 x 24 x D3', '0.00', '0.00', 8),
(69, 1, 1, 10015154, 'Kipas 15 x 14 x D4', '0.00', '0.00', 8),
(70, 1, 1, 10032244, 'Kipas 32 x 24 x D4', '0.00', '0.00', 8),
(71, 1, 1, 10015153, 'Kipas 15 x 15 x D3', '0.00', '0.00', 8),
(72, 1, 1, 10032284, 'Kipas 32 x 28 x D4', '0.00', '0.00', 8),
(73, 1, 1, 10034304, 'Kipas 34 x 30 x D4', '0.00', '0.00', 8),
(74, 1, 1, 10034324, 'Kipas 34 x 32 x D4', '0.00', '0.00', 8),
(75, 1, 1, 11034324, 'Kipas 34 x 42 x D4 LH', '0.00', '0.00', 8),
(76, 1, 1, 10034344, 'Kipas 34 x 34 x D4', '0.00', '0.00', 8),
(77, 1, 1, 10034364, 'Kipas 34 x 36 x D4', '0.00', '0.00', 8),
(78, 1, 1, 10034384, 'Kipas 34 x 38 x D4', '0.00', '0.00', 8),
(79, 1, 1, 10034394, 'Kipas 34 x 39 x D4', '0.00', '0.00', 8),
(80, 1, 1, 10035344, 'Kipas 35 x 34 x D4', '0.00', '0.00', 8),
(81, 1, 1, 10035354, 'Kipas 35 x 35 x D4', '0.00', '0.00', 8),
(82, 1, 1, 10035384, 'Kipas 35 x 38 x D4', '0.00', '0.00', 8),
(83, 1, 1, 10036224, 'Kipas 36 x 22 x D4', '0.00', '0.00', 8),
(84, 1, 1, 10036243, 'Kipas 36 x 24 x D3', '0.00', '0.00', 8),
(85, 1, 1, 10036324, 'Kipas 36 x 32 x D4', '0.00', '0.00', 8),
(86, 1, 1, 10036343, 'Kipas 36 x 34 x D3', '0.00', '0.00', 8),
(87, 1, 1, 10036344, 'Kipas 36 x 34 x D4', '0.00', '0.00', 8),
(88, 1, 1, 10036363, 'Kipas 36 x 36 x D3', '0.00', '0.00', 8),
(89, 1, 1, 10036364, 'Kipas 36 x 36 x D4', '0.00', '0.00', 8),
(90, 1, 1, 10036384, 'Kipas 36 x 38 x D4', '0.00', '0.00', 8),
(91, 1, 1, 10036404, 'Kipas 36 x 40 x D4', '0.00', '0.00', 8),
(92, 1, 1, 11036404, 'Kipas 36 x 40 xD4 LH', '0.00', '0.00', 8),
(93, 1, 1, 10038304, 'Kipas 38 x 30 x D4', '0.00', '0.00', 8),
(94, 1, 1, 10038344, 'Kipas 38 x 34 x D4', '0.00', '0.00', 8),
(95, 1, 1, 10038364, 'Kipas 38 x 36 x D4', '0.00', '0.00', 8),
(96, 1, 1, 10038384, 'Kipas 38 x 38 x D4', '0.00', '0.00', 8),
(97, 1, 1, 10038404, 'Kipas 38 x 40 x D4', '0.00', '0.00', 8),
(98, 1, 1, 10038424, 'Kipas 38 x 42 x D4', '0.00', '0.00', 8),
(99, 1, 1, 10038444, 'Kipas 38 x 44 x D4', '0.00', '0.00', 8),
(100, 1, 1, 10038464, 'Kipas 38 x 46 x D4', '0.00', '0.00', 8),
(101, 1, 1, 10038524, 'Kipas 38 x 52 x D4', '0.00', '0.00', 8),
(102, 1, 1, 10038523, 'Kipas 38 x 52 x D3', '0.00', '0.00', 8),
(103, 1, 1, 11038384, 'Kipas 38 x 38 x D4 LH', '0.00', '0.00', 8),
(104, 1, 1, 10040364, 'Kipas 40 x 36 x D4', '0.00', '0.00', 8),
(105, 1, 1, 10040384, 'Kipas 40 x 38 x D4', '0.00', '0.00', 8),
(106, 1, 1, 10040404, 'Kipas 40 x 40 x D4', '0.00', '0.00', 8),
(107, 1, 1, 10040424, 'Kipas 40 x 42 x D4', '0.00', '0.00', 8),
(108, 1, 1, 10040464, 'Kipas 40 x 46 x D4', '0.00', '0.00', 8),
(109, 1, 1, 10040504, 'Kipas 40 x 50 x D4', '0.00', '0.00', 8),
(110, 1, 1, 10041404, 'Kipas 41 x 40 x D4', '0.00', '0.00', 8),
(111, 1, 1, 10042384, 'Kipas 42 x 38 x D4', '0.00', '0.00', 8),
(112, 1, 1, 10042404, 'Kipas 42 x 40 x D4', '0.00', '0.00', 8),
(113, 1, 1, 10042424, 'Kipas 42 x 42 x D4', '0.00', '0.00', 8),
(114, 1, 1, 10042464, 'Kipas 42 x 46 x D4', '0.00', '0.00', 8),
(115, 1, 1, 10042484, 'Kipas 42 x 48 x D4', '0.00', '0.00', 8),
(116, 1, 1, 10042504, 'Kipas 42 x 50 x D4', '0.00', '0.00', 8),
(117, 1, 1, 10042423, 'Kipas 42 x 42 x D3', '0.00', '0.00', 8),
(118, 1, 1, 10043434, 'Kipas 43 x 43 x D4', '0.00', '0.00', 8),
(119, 1, 1, 10116123, 'Kipas 16 x 12 x DB3', '0.00', '0.00', 8),
(120, 1, 1, 10044384, 'Kipas 44 x 38 x D4', '0.00', '0.00', 8),
(121, 1, 1, 10044404, 'Kipas 44 x 40 x D4', '0.00', '0.00', 8),
(122, 1, 1, 10016133, 'Kipas 16 x 13 x D3', '0.00', '0.00', 8),
(123, 1, 1, 10044424, 'Kipas 44 x 42 x D4', '0.00', '0.00', 8),
(124, 1, 1, 10044444, 'Kipas 44 x 44 x D4', '0.00', '0.00', 8),
(125, 1, 1, 10044464, 'Kipas 44 x 46 x D4', '0.00', '0.00', 8),
(126, 1, 1, 10044504, 'Kipas 44 x 50 x D4', '0.00', '0.00', 8),
(127, 1, 1, 10046344, 'Kipas 46 x 34 x D4', '0.00', '0.00', 8),
(128, 1, 1, 10046384, 'Kipas 46 x 38 x D4', '0.00', '0.00', 8),
(129, 1, 1, 10046404, 'Kipas 46 x 40 x D4', '0.00', '0.00', 8),
(130, 1, 1, 10046424, 'Kipas 46 x 42 x D4', '0.00', '0.00', 8),
(131, 1, 1, 10116143, 'Kipas 16 x 14 x DB3', '0.00', '0.00', 8),
(132, 1, 1, 10046444, 'Kipas 46 x 44 x D4', '0.00', '0.00', 8),
(133, 1, 1, 10116163, 'Kipas 16 x 16 x DB3', '0.00', '0.00', 8),
(134, 1, 1, 10046464, 'Kipas 46 x 46 x D4', '0.00', '0.00', 8),
(135, 1, 1, 10046504, 'Kipas 46 x 50 x D4', '0.00', '0.00', 8),
(136, 1, 1, 10046524, 'Kipas 46 x 52 x D4', '0.00', '0.00', 8),
(137, 1, 1, 10046564, 'Kipas 46 x 56 x D4', '0.00', '0.00', 8),
(138, 1, 1, 10048384, 'Kipas 48 x 38 x D4', '0.00', '0.00', 8),
(139, 1, 1, 10048404, 'Kipas 48 x 40 x D4', '0.00', '0.00', 8),
(140, 1, 1, 10048424, 'Kipas 48 x 42 xD4', '0.00', '0.00', 8),
(141, 1, 1, 10048444, 'Kipas 48 x 44 x D4', '0.00', '0.00', 8),
(142, 1, 1, 10048464, 'Kipas 48 x 46 x D4', '0.00', '0.00', 8),
(143, 1, 1, 10048484, 'Kipas 48 x 48 x D4', '0.00', '0.00', 8),
(144, 1, 1, 10048544, 'Kipas 48 x 54 x D4', '0.00', '0.00', 8),
(145, 1, 1, 10050384, 'Kipas 50 x 38 x D4', '0.00', '0.00', 8),
(146, 1, 1, 10050404, 'Kipas 50 x 40 x D4', '0.00', '0.00', 8),
(147, 1, 1, 10050424, 'Kipas 50 x 42 x D4', '0.00', '0.00', 8),
(148, 1, 1, 10050444, 'Kipas 50 x 44 x D4', '0.00', '0.00', 8),
(149, 1, 1, 10050464, 'Kipas 50 x 46 x D4', '0.00', '0.00', 8),
(150, 1, 1, 10050484, 'Kipas 50 x 48 x D4', '0.00', '0.00', 8),
(151, 1, 1, 10050504, 'Kipas 50 x 50 x D4', '0.00', '0.00', 8),
(152, 1, 1, 10051504, 'Kipas 51 x 50 x D4', '0.00', '0.00', 8),
(153, 1, 1, 10052344, 'Kipas 52 x 34 x D4', '0.00', '0.00', 8),
(154, 1, 1, 10052384, 'Kipas 52 x 38 x D4', '0.00', '0.00', 8),
(155, 1, 1, 10052404, 'Kipas 52 x 40 x D4', '0.00', '0.00', 8),
(156, 1, 1, 10052424, 'Kipas 52 x 42 x D4', '0.00', '0.00', 8),
(157, 1, 1, 10052444, 'Kipas 52 x 44 x D4', '0.00', '0.00', 8),
(158, 1, 1, 10052484, 'Kipas 52 x 48 x D4', '0.00', '0.00', 8),
(159, 1, 1, 10052464, 'Kipas 52 x 46 x D4', '0.00', '0.00', 8),
(160, 1, 1, 10052564, 'Kipas 52 x 56 x D4', '0.00', '0.00', 8),
(161, 1, 1, 10054384, 'Kipas 54 x 38 x D4', '0.00', '0.00', 8),
(162, 1, 1, 10054404, 'Kipas 54 x 40 x D4', '0.00', '0.00', 8),
(163, 1, 1, 10054424, 'Kipas 54 x 42 x D4', '0.00', '0.00', 8),
(164, 1, 1, 10054444, 'Kipas 54 x 44 x D4', '0.00', '0.00', 8),
(165, 1, 1, 10054484, 'Kipas 54 x 48 x D4', '0.00', '0.00', 8),
(166, 1, 1, 10054524, 'Kipas 54 x 52 x D4', '0.00', '0.00', 8),
(167, 1, 1, 10056384, 'Kipas 56 x 38 x D4', '0.00', '0.00', 8),
(168, 1, 1, 10062484, 'Kipas 62 x 48 x D4', '0.00', '0.00', 8),
(169, 1, 1, 10064514, 'Kipas 64 x 51 x D4', '0.00', '0.00', 8),
(170, 1, 1, 10068604, 'Kipas 68 x 60 x D4', '0.00', '0.00', 8),
(171, 1, 1, 10071604, 'Kipas 71 x 60 x D4', '0.00', '0.00', 8),
(172, 1, 1, 10072724, 'Kipas 72 x 72 x D4', '0.00', '0.00', 8),
(173, 1, 1, 10074584, 'Kipas 74 x 58 x D4', '0.00', '0.00', 8),
(174, 1, 1, 10074684, 'Kipas 74 x 68 x D4', '0.00', '0.00', 8),
(175, 1, 1, 10075644, 'Kipas 75 x 64 x D4', '0.00', '0.00', 8),
(176, 1, 1, 10076564, 'Kipas 76 x 56 x D4', '0.00', '0.00', 8),
(177, 1, 1, 10076604, 'Kipas 76 x 60 x D4', '0.00', '0.00', 8),
(178, 1, 1, 10076644, 'Kipas 76 x 64 x D4', '0.00', '0.00', 8),
(179, 1, 1, 10076654, 'Kipas 76 x 65 x D4', '0.00', '0.00', 8),
(180, 1, 1, 10077774, 'Kipas 77 x 77 x D4', '0.00', '0.00', 8),
(181, 1, 1, 10078504, 'Kipas 78 x 50 x D4', '0.00', '0.00', 8),
(182, 1, 1, 10078524, 'Kipas 78 x 52 x D4', '0.00', '0.00', 8),
(183, 1, 1, 10080654, 'Kipas 80 x 65 x D4', '0.00', '0.00', 8),
(184, 1, 1, 10084724, 'Kipas 84 x 72 x D4', '0.00', '0.00', 8),
(185, 1, 1, 10084744, 'Kipas 84 x 74 x D4', '0.00', '0.00', 8),
(186, 1, 1, 10088644, 'Kipas 88 x 64 x D4', '0.00', '0.00', 8),
(187, 1, 1, 10090904, 'Kipas 90 x 90 x D4', '0.00', '0.00', 8),
(188, 1, 1, 10092924, 'Kipas 92 x 92 x D4', '0.00', '0.00', 8),
(189, 1, 1, 10094944, 'Kipas 94 x 94 x D4', '0.00', '0.00', 8),
(190, 1, 1, 10095954, 'Kipas 95 x 95 x D4', '0.00', '0.00', 8),
(191, 1, 1, 10116164, 'Kipas 16 x 16 x DB4', '0.00', '0.00', 8),
(192, 1, 1, 10016163, 'Kipas 16 x 16 x D3', '0.00', '0.00', 8),
(193, 1, 1, 10016164, 'Kipas 16 x16 x D4', '0.00', '0.00', 8),
(194, 1, 1, 10016184, 'Kipas 16 x 18 x D4', '0.00', '0.00', 8),
(195, 1, 1, 10118163, 'Kipas 18 x 16 x DB3', '0.00', '0.00', 8),
(196, 1, 1, 10018164, 'Kipas 18 x 16 x D4', '0.00', '0.00', 8),
(197, 1, 1, 10118183, 'Kipas 18 x 18 x DB3', '0.00', '0.00', 8),
(198, 1, 1, 10018183, 'Kipas 18 x 18 x D3', '0.00', '0.00', 8),
(199, 1, 1, 10018184, 'Kipas 18 x 18 x D4', '0.00', '0.00', 8),
(200, 1, 1, 10018193, 'Kipas 18 x 19 x D3', '0.00', '0.00', 8),
(201, 1, 1, 10119163, 'Kipas 19 x 16 x DB3', '0.00', '0.00', 8),
(202, 1, 1, 10019184, 'Kipas 19 x 18 x D4', '0.00', '0.00', 8),
(203, 1, 1, 10119193, 'Kipas 19 x 19 x DB3', '0.00', '0.00', 8),
(204, 1, 1, 10019193, 'Kipas 19 x 19 x D3', '0.00', '0.00', 8),
(205, 1, 1, 10025203, 'Kipas 25 x 20 x D3', '0.00', '0.00', 8),
(206, 1, 1, 10125243, 'Kipas 25 x 24 x DB3', '0.00', '0.00', 8),
(207, 1, 1, 10025243, 'Kipas 25 x 24 x D3', '0.00', '0.00', 8),
(208, 1, 1, 10025253, 'Kipas 25 x 25 x D3', '0.00', '0.00', 8),
(209, 1, 1, 10025254, 'Kipas 25 x 25 x D4', '0.00', '0.00', 8),
(210, 1, 1, 10025284, 'Kipas 25 x 28 x D4', '0.00', '0.00', 8),
(211, 1, 1, 10025354, 'Kipas 25 x 35 x D4', '0.00', '0.00', 8),
(212, 1, 1, 10026173, 'Kipas 26 x 17 x D3', '0.00', '0.00', 8),
(213, 1, 1, 10026193, 'Kipas 26 x 19 x D3', '0.00', '0.00', 8),
(214, 1, 1, 10020133, 'Kipas 20 x 13 x D3', '0.00', '0.00', 8),
(215, 1, 1, 10020153, 'Kipas 20 x 15 x D3', '0.00', '0.00', 8),
(216, 1, 1, 11026193, 'Kipas 26 x 19 x D3 LH', '0.00', '0.00', 8),
(217, 1, 1, 10126203, 'Kipas 26 x 20 x DB 3', '0.00', '0.00', 8),
(218, 1, 1, 10026203, 'Kipas 26 x 20 x D3', '0.00', '0.00', 8),
(219, 1, 1, 10126223, 'Kipas 26 x 22 x DB3', '0.00', '0.00', 8),
(220, 1, 1, 10126243, 'Kipas 26 x 24 x DB3', '0.00', '0.00', 8),
(221, 1, 1, 10026243, 'Kipas 26 x 24 x D3', '0.00', '0.00', 8),
(222, 1, 1, 10026244, 'Kipas 26 x 24 x D4', '0.00', '0.00', 8),
(223, 1, 1, 10026254, 'Kipas 26 x 25 x D4', '0.00', '0.00', 8),
(224, 1, 1, 10026263, 'Kipas 26 x 26 x D3', '0.00', '0.00', 8),
(225, 1, 1, 10026264, 'Kipas 26 x 26 x D4', '0.00', '0.00', 8),
(226, 1, 1, 10026284, 'Kipas 26 x 28 x D4', '0.00', '0.00', 8),
(227, 1, 1, 10026304, 'Kipas 26 x 30 x D4', '0.00', '0.00', 8),
(228, 1, 1, 10026354, 'Kipas 26 x 35 x D4', '0.00', '0.00', 8),
(229, 1, 1, 10027193, 'Kipas 27 x 19 x D3', '0.00', '0.00', 8),
(230, 1, 1, 10027253, 'Kipas 27 x 25 x D3', '0.00', '0.00', 8),
(231, 1, 1, 10024224, 'Kipas 24 x 22 x D4', '0.00', '0.00', 8),
(232, 1, 1, 10024244, 'Kipas 24 x 24 x D4', '0.00', '0.00', 8),
(233, 1, 1, 10024264, 'Kipas 24 x 26 x D4', '0.00', '0.00', 8),
(234, 1, 1, 11024264, 'Kipas 24 x 26 x D4 LH', '0.00', '0.00', 8),
(235, 1, 1, 10024284, 'Kipas 24 x 28 x D4', '0.00', '0.00', 8),
(236, 1, 1, 10024354, 'Kipas 24 x 35 x D4', '0.00', '0.00', 8),
(237, 1, 1, 10124244, 'Kipas 24 x 24 x DB 4', '0.00', '0.00', 8),
(238, 1, 1, 10025173, 'Kipas 25 x 17 x D3', '0.00', '0.00', 8),
(239, 1, 1, 10025193, 'Kipas 25 x 19 x D3', '0.00', '0.00', 8),
(240, 1, 1, 10125203, 'Kipas 25 x 20 x DB3', '0.00', '0.00', 8),
(241, 1, 6, 10020173, 'Kipas 20 x 17 x D3', '0.00', '0.00', 8),
(242, 1, 6, 10020204, 'Kipas 20 x 20 x D4', '0.00', '0.00', 8),
(243, 1, 6, 10020244, 'Kipas 20 x 24 xD4', '0.00', '0.00', 8),
(244, 1, 6, 10020224, 'Kipas 20 x 22 x D4', '0.00', '0.00', 8),
(245, 1, 6, 10020264, 'Kipas 20 x 26 x D4', '0.00', '0.00', 8),
(246, 1, 6, 10021153, 'Kipas 21 x 15 x D3', '0.00', '0.00', 8),
(247, 1, 6, 10021194, 'Kipas 21 x 19 x D4', '0.00', '0.00', 8),
(248, 1, 6, 10021204, 'Kipas 21 x 20 x D4', '0.00', '0.00', 8),
(249, 1, 6, 10021244, 'Kipas 21 x 24 x D4', '0.00', '0.00', 8),
(250, 1, 6, 10022133, 'Kipas 22 x 13 x D3', '0.00', '0.00', 8),
(251, 1, 6, 10022153, 'Kipas 22 x 15 x D3', '0.00', '0.00', 8),
(252, 1, 6, 10022173, 'Kipas 22 x 17 x D3', '0.00', '0.00', 8),
(253, 1, 6, 11122203, 'Kipas 22 x 20 x DB3 LH', '0.00', '0.00', 8),
(254, 1, 6, 10122203, 'Kipas 22 x 20 x DB3', '0.00', '0.00', 8),
(255, 1, 6, 10022203, 'Kipas 22 x 20 x D3', '0.00', '0.00', 8),
(256, 1, 6, 10022224, 'Kipas 22 x 22 x D4', '0.00', '0.00', 8),
(257, 1, 6, 10122243, 'Kipas 22 x 24 x DB3', '0.00', '0.00', 8),
(258, 1, 6, 10022244, 'Kipas 22 x 24 x D4', '0.00', '0.00', 8),
(259, 1, 6, 10022264, 'Kipas 22 x 26 x D4', '0.00', '0.00', 8),
(260, 1, 6, 10022284, 'Kipas 22 x 28 x D4', '0.00', '0.00', 8),
(261, 1, 6, 10123123, 'Kipas 23 x 12 x DB3', '0.00', '0.00', 8),
(262, 1, 1, 10024173, 'Kipas 24 x 17 x D3', '0.00', '0.00', 8),
(263, 1, 1, 10124203, 'Kipas 24 x 20 x DB3', '0.00', '0.00', 8),
(264, 1, 1, 10124223, 'Kipas 24 x 22 x DB3', '0.00', '0.00', 8),
(265, 1, 6, 10023153, 'Kipas 23 x 15 x D3', '0.00', '0.00', 8),
(266, 1, 1, 10023173, 'Kipas 23 x 17 x D3', '0.00', '0.00', 8),
(267, 1, 1, 10023193, 'Kipas 23 x 19 x D3', '0.00', '0.00', 8),
(268, 1, 1, 10123203, 'Kipas 23 x 20 x DB3', '0.00', '0.00', 8),
(269, 1, 1, 10023213, 'Kipas 23 x 21 x D3', '0.00', '0.00', 8),
(270, 1, 1, 10023224, 'Kipas 23 x 22 x D4', '0.00', '0.00', 8),
(271, 1, 1, 10023234, 'Kipas 23 x 23 x D4', '0.00', '0.00', 8),
(272, 1, 1, 10024153, 'Kipas 24 x 15 x D3', '0.00', '0.00', 8),
(273, 1, 1, 10138464, 'Kipas 38 x 46 x DB4', '0.00', '0.00', 8),
(274, 1, 1, 11036344, 'Kipas 36 x 34 x D4 LH', '0.00', '0.00', 8),
(275, 1, 1, 10130304, 'Kipas 30 x 30 x DB 4', '0.00', '0.00', 8),
(276, 1, 1, 10042444, 'Kipas 42 x 44 x D4', '0.00', '0.00', 8),
(277, 1, 6, 10016144, 'Kipas 16 x 14 x D4', '0.00', '0.00', 8),
(278, 1, 6, 10028344, 'Kipas 28 x 34 x D4', '0.00', '0.00', 8),
(279, 1, 6, 10032323, 'Kipas 32 x 32 x D3', '0.00', '0.00', 8),
(280, 1, 6, 11023153, 'Kipas 23 x 15 x D3 LH', '0.00', '0.00', 8),
(281, 1, 6, 10028253, 'Kipas 28 x 25 x D3', '0.00', '0.00', 8),
(282, 1, 6, 10028283, 'Kipas 28 x 28 x D3', '0.00', '0.00', 8),
(283, 1, 6, 10030243, 'Kipas 30 x 24 x D3', '0.00', '0.00', 8),
(284, 1, 6, 10030233, 'Kipas 30 x 23 x D3', '0.00', '0.00', 8),
(285, 1, 6, 10130303, 'Kipas 30 x 30 x DB3', '0.00', '0.00', 8),
(286, 1, 6, 10030263, 'Kipas 30 x 26 x D3', '0.00', '0.00', 8),
(287, 1, 6, 10130263, 'Kipas 30 x 26 x DB3', '0.00', '0.00', 8),
(288, 1, 6, 10020183, 'Kipas 20 x 18 x D3', '0.00', '0.00', 8),
(289, 1, 6, 10016123, 'Kipas 16 x 12 x D3', '0.00', '0.00', 8),
(290, 1, 6, 11014113, 'Kipas 14 x 11 x D3 LH', '0.00', '0.00', 8),
(291, 1, 6, 10128283, 'Kipas 28 x 28 x DB3', '0.00', '0.00', 8),
(292, 1, 6, 10127283, 'Kipas 27 x 28 x DB3', '0.00', '0.00', 8),
(293, 1, 6, 10032283, 'Kipas 32 x 28 x D3', '0.00', '0.00', 8),
(294, 1, 6, 10023244, 'Kipas 23 x 24 x D4', '0.00', '0.00', 8),
(295, 1, 6, 10020344, 'Kipas 20 x 34 x D4', '0.00', '0.00', 8),
(296, 1, 6, 10035454, 'Kipas 35 x 45 x D4', '0.00', '0.00', 8),
(297, 1, 6, 11038344, 'Kipas 38 x 34 x D4 LH', '0.00', '0.00', 8),
(298, 1, 6, 11034344, 'Kipas 34 x 34 x D4 LH', '0.00', '0.00', 8),
(299, 1, 6, 10036454, 'Kipas 36 x 45 x D4', '0.00', '0.00', 8),
(300, 1, 6, 10034504, 'Kipas 34 x 50 x D4', '0.00', '0.00', 8),
(301, 1, 1, 10082524, 'Kipas 82 x 52 x D4', '0.00', '0.00', 8),
(302, 1, 6, 10134323, 'Kipas 34 x 32 x DB3', '0.00', '0.00', 8),
(303, 1, 6, 11042424, 'Kipas 42 x 42 x D4 LH', '0.00', '0.00', 8),
(304, 1, 1, 10058444, 'Kipas 58 x 44 x D4', '0.00', '0.00', 8),
(305, 1, 1, 10056444, 'Kipas 56 x 44 x D4', '0.00', '0.00', 8),
(306, 1, 1, 10132344, 'Kipas 32 x 34 x DB4', '0.00', '0.00', 8),
(307, 1, 1, 10040454, 'Kipas 40 x 45 x D4', '0.00', '0.00', 8),
(309, 1, 1, 10032204, 'Kipas 32 x 20 x D4', '0.00', '0.00', 8),
(310, 1, 1, 10025194, 'Kipas 25 x 19 x D4', '0.00', '0.00', 8),
(311, 1, 1, 11032324, 'Kipas 32 x 32 x D4 LH', '0.00', '0.00', 8),
(313, 1, 1, 10086004, 'Kipas 86 x D4', '0.00', '0.00', 8),
(314, 1, 1, 10056484, 'Kipas 56 x 48 x D4', '0.00', '0.00', 8),
(316, 1, 1, 10082004, 'Kipas 82 x D4', '0.00', '0.00', 8),
(317, 1, 8, 12345, 'test', '1.00', '1.00', 10),
(318, 1, 1, 10058614, 'Kipas 58 x 61 x D4', '0.00', '0.00', 8),
(319, 1, 1, 10060004, 'Kipas 60 x D4', '0.00', '0.00', 8),
(320, 1, 6, 10056424, 'Kipas 56 x 42 x D4', '0.00', '0.00', 8),
(321, 1, 6, 10058484, 'Kipas 58 x 48 x D4', '0.00', '0.00', 8),
(322, 1, 6, 10031404, 'Kipas 31 x 40x D4', '0.00', '0.00', 8),
(323, 1, 6, 10058464, 'kipas 58 x 46 x D4', '0.00', '0.00', 8),
(324, 1, 9, 10060484, 'Kipas 60 x 48 x D4', '0.00', '0.00', 8),
(325, 2, 8, 10060484, 'test', '10000.00', '12000.00', 12),
(326, 3, 8, 10060484, 'test', '10000.00', '12000.00', 11),
(327, 3, 12, 10024244, 'KIPAS 24 X 24 X D4', '2470000.00', '3200000.00', 11),
(328, 3, 12, 100203, 'KIPAS 20 X D3', '1560000.00', '1600000.00', 11),
(329, 3, 12, 100204, 'KIPAS 20 X D4', '2340000.00', '2800000.00', 11),
(330, 3, 12, 10022264, 'KIPAS 22 X 26 X D4', '1950000.00', '3400000.00', 11),
(331, 3, 12, 100223, 'KIPAS 22 X D3', '1560000.00', '1800000.00', 11),
(332, 3, 12, 10024173, 'KIPAS 24 X 17 X D3', '1820000.00', '2200000.00', 11),
(333, 3, 12, 10024193, 'KIPAS 24 X 19 X D3', '1820000.00', '2200000.00', 11),
(334, 3, 12, 10025254, 'KIPAS 25 X 25 X D4', '2860000.00', '3200000.00', 11),
(335, 3, 12, 10026193, 'KIPAS 26 X 19 X D3', '2080000.00', '3200000.00', 11),
(336, 3, 12, 10026194, 'KIPAS  26 X 19 X D4', '2860000.00', '4400000.00', 11),
(337, 3, 12, 10026264, 'KIPAS 26 X 26 X D4', '2860000.00', '4400000.00', 11),
(338, 3, 12, 10028224, 'KIPAS 28 X 22 X D4', '3900000.00', '6800000.00', 11),
(339, 1, 9, 10054514, 'Kipas 54 x 51 x D4', '0.00', '0.00', 8),
(340, 1, 9, 10060464, 'Kipas 60 x 46 x D4', '0.00', '0.00', 8),
(341, 3, 12, 10028264, 'KIPAS 28 X 26 X D4', '3120000.00', '6800000.00', 11),
(342, 1, 9, 10072524, 'Kipas 72 x 52 x D4', '0.00', '0.00', 8),
(343, 1, 9, 10076544, 'Kipas 76 x 54 x D4', '0.00', '0.00', 8),
(344, 1, 9, 10040524, 'Kipas 40 x 52 x D4', '0.00', '0.00', 8),
(345, 1, 9, 11031404, 'Kipas 31 x 40 x D4 LH', '0.00', '0.00', 8),
(346, 1, 9, 10085004, 'Kipas 85 x D4', '0.00', '0.00', 8),
(347, 1, 9, 10062554, 'Kipas 62 x 55 x D4', '0.00', '0.00', 8),
(348, 1, 9, 10062464, 'Kipas 62 x 46 x D4', '0.00', '0.00', 8),
(349, 1, 9, 10038314, 'kIPAS 38 x 31 x D4', '0.00', '0.00', 8),
(350, 1, 9, 10066524, 'Kipas 66 x 52 x D4', '0.00', '0.00', 8),
(351, 1, 9, 10094004, 'Kipas 94 x D4', '0.00', '0.00', 8),
(352, 1, 9, 11038314, 'Kipas 38 x 31 x D4 LH', '0.00', '0.00', 8),
(353, 1, 9, 10078564, 'Kipas 78 x 56 x D4', '0.00', '0.00', 8),
(354, 1, 9, 10096564, 'Kipas 96 x 56 x D4', '0.00', '0.00', 8),
(355, 1, 9, 10032334, 'Kipas 32 x 33 x D4', '0.00', '0.00', 8),
(356, 1, 9, 10035334, 'Kipas 35 x 33 x D4', '0.00', '0.00', 8),
(357, 1, 9, 10084524, 'Kipas 84 x 52 x D4', '0.00', '0.00', 8),
(358, 1, 9, 10084564, 'Kipas 84 x 56 x D4', '0.00', '0.00', 8),
(359, 1, 9, 10023284, 'Kipas 23 x 28 x D4', '0.00', '0.00', 8),
(360, 1, 9, 10062424, 'Kipas 62 x 42 x D4', '0.00', '0.00', 8),
(361, 1, 9, 10082564, 'Kipas 82 x 56 x D4', '0.00', '0.00', 8),
(362, 1, 9, 10037354, 'Kipas 37 x 35 x D4', '0.00', '0.00', 8),
(363, 1, 9, 10068524, 'Kipas 68 x 52 x D4', '0.00', '0.00', 8),
(364, 1, 9, 10054004, 'Kipas 54 x D4', '0.00', '0.00', 8),
(365, 1, 9, 10098644, 'Kipas 98 x 64 x D4', '0.00', '0.00', 8),
(366, 1, 9, 10084004, 'Kipas 84 x D4', '0.00', '0.00', 8),
(367, 1, 9, 10036444, 'Kipas 36 x 44 x D4', '0.00', '0.00', 8),
(368, 1, 9, 10042454, 'Kipas 42 x 45 x D4', '0.00', '0.00', 8),
(369, 1, 9, 10058424, 'Kipas 58 x 42 x D4', '0.00', '0.00', 8),
(370, 1, 9, 10060404, 'Kipas 60 x 40 x D4', '0.00', '0.00', 8),
(371, 1, 9, 10099564, 'Kipas 99 x 56 x D4', '0.00', '0.00', 8),
(372, 1, 9, 10058404, 'kipas 58 x 40 x D4', '0.00', '0.00', 8),
(373, 1, 9, 10062524, 'kipas 62 x 52 x D4', '0.00', '0.00', 8),
(374, 1, 9, 10062534, 'Kipas 62 x 53 x D4', '0.00', '0.00', 8),
(375, 1, 9, 10056404, 'Kipas 56 x 40 x D4', '0.00', '0.00', 8),
(376, 1, 9, 10062404, 'Kipas 62 x 40 x D4', '0.00', '0.00', 8),
(377, 1, 9, 10036283, 'kipas 36 x 28 x D3', '0.00', '0.00', 8),
(378, 1, 9, 10072504, 'kipas 72 x 50 x D4', '0.00', '0.00', 8),
(379, 1, 9, 10072564, 'kipas 72 x 56 x D4', '0.00', '0.00', 8),
(380, 1, 9, 11121, 'SETENTIP 3\" H', '0.00', '0.00', 9),
(381, 1, 9, 10090644, 'kipas 90 x 64 x D4', '0.00', '0.00', 8),
(382, 1, 9, 21121, 'SETENTIP 2\" M', '0.00', '0.00', 9),
(383, 1, 9, 1003, 'SETENTIP 1 x 1/4\"', '0.00', '0.00', 9),
(384, 1, 9, 61221, 'Tahanan Air 5\"', '0.00', '0.00', 9),
(385, 1, 9, 51221, 'Singer As 2 1/2', '0.00', '0.00', 9),
(386, 1, 9, 10080584, 'kipas 80 x 58 x D4', '0.00', '0.00', 8),
(387, 1, 9, 10052454, 'kipas 52 x 45 x D4', '0.00', '0.00', 8),
(388, 1, 9, 10044544, 'kipas 44 x 54 x D4', '0.00', '0.00', 8),
(389, 1, 9, 10094564, 'Kipas 94 x 56 x D4', '0.00', '0.00', 8),
(390, 1, 9, 10056464, 'kipas 56 x 46 x D4', '0.00', '0.00', 8),
(391, 1, 9, 10056544, 'kipas 56 x 54 x D4', '0.00', '0.00', 8),
(392, 1, 9, 10070684, 'kipas 70 x 68 x D4', '0.00', '0.00', 8),
(393, 1, 9, 10024344, 'kipas 24 x 34 x D4', '0.00', '0.00', 8),
(394, 1, 9, 10096544, 'kipas 96 x 54 x D4', '0.00', '0.00', 8),
(395, 1, 9, 10070484, 'kipas 70 x 48 xD4', '0.00', '0.00', 8),
(396, 1, 9, 10035253, 'kipas 35 x 25 x D3', '0.00', '0.00', 8),
(397, 1, 9, 10082704, 'kipas 82 x 70 x D4', '0.00', '0.00', 8),
(398, 1, 9, 10051484, 'kipas 51 x 48 x D4', '0.00', '0.00', 8),
(399, 1, 9, 10064444, 'kipas 64 x 44 x D4', '0.00', '0.00', 8),
(400, 1, 9, 10094644, 'kipas 94 x 64 x D4', '0.00', '0.00', 8),
(401, 1, 9, 10077644, 'Kipas 77 x 64 x D4', '0.00', '0.00', 8),
(402, 1, 9, 10034284, 'Kipas 34 x 28 x D4', '0.00', '0.00', 8),
(403, 1, 9, 11056464, 'Kipas 56 x 46 x D4 LH', '0.00', '0.00', 8),
(404, 1, 9, 10030323, 'Kipas 30 x 32 x 3', '0.00', '0.00', 8),
(405, 1, 9, 10024243, 'Kipas 24 x 24 xD3', '0.00', '0.00', 8),
(406, 1, 9, 11022224, 'Kipas 22 x 22 x D4 LH', '0.00', '0.00', 8),
(407, 1, 9, 10035243, 'Kipas 35 x 25 x D3', '0.00', '0.00', 8),
(408, 1, 9, 10060444, 'Kipas 60 x 44 x D4', '0.00', '0.00', 8),
(409, 1, 9, 11025254, 'Kipas 25 x 25 x D4 LH', '0.00', '0.00', 8),
(410, 1, 9, 10096524, 'Kipas 96 x 52 x D4', '0.00', '0.00', 8),
(411, 1, 9, 10042323, 'Kipas 42 x 32 x D3', '0.00', '0.00', 8),
(412, 1, 9, 10042303, 'Kipas 42 x 30 x D3', '0.00', '0.00', 8),
(413, 1, 9, 10054504, 'Kipas 54 x 50 x D4', '0.00', '0.00', 8),
(414, 1, 9, 10038243, 'Kipas 38 x 24 x D3', '0.00', '0.00', 8),
(415, 1, 9, 10072554, 'Kipas 72 x 55 x D4', '0.00', '0.00', 8),
(416, 1, 9, 11026264, 'Kipas 26 x 26 x D4 LH', '0.00', '0.00', 8),
(417, 1, 9, 10090544, 'Kipas  90 x 54 x D4', '0.00', '0.00', 8),
(418, 1, 9, 41221, 'Stentip As 1 3/4 (M)', '0.00', '0.00', 9),
(419, 1, 9, 10026384, 'Kipas 26 x 38 x D4', '0.00', '0.00', 8),
(420, 1, 9, 10058524, 'Kipas 58 x 52 x D4', '0.00', '0.00', 8),
(421, 1, 9, 10054464, 'Kipas 54 x 46 x D4', '0.00', '0.00', 8),
(422, 1, 9, 10060524, 'Kipas 60 x 52 x D4', '0.00', '0.00', 8),
(423, 1, 9, 10068624, 'Kipas 68 x 62 x D4', '0.00', '0.00', 8),
(424, 1, 9, 31221, 'Glendongan 20 x 24', '0.00', '0.00', 9),
(425, 1, 9, 21221, 'Stentip As 2 1/2\" (M)', '0.00', '0.00', 9),
(426, 1, 9, 11221, 'Stentip As 3 1/2\" (H)', '0.00', '0.00', 9),
(427, 1, 9, 10036253, 'kipas 36 x 25 x D3', '0.00', '0.00', 8),
(428, 1, 9, 10063654, 'kipas 63 x 65 x D4', '0.00', '0.00', 8),
(429, 1, 9, 11060464, 'Kipas 60 x 46 x D4 LH', '0.00', '0.00', 8),
(430, 1, 9, 11062464, 'Kipas 62 x 46 x D4 LH', '0.00', '0.00', 8),
(431, 1, 9, 10038403, 'Kipas 38 x 40 x D3', '0.00', '0.00', 8),
(432, 1, 9, 10065524, 'Kipas 65 x 52 x D4', '0.00', '0.00', 8),
(433, 1, 9, 10066484, 'Kipas 66 x 48 x D4', '0.00', '0.00', 8),
(434, 1, 9, 10045454, 'Kipas 45 x 45 x D4', '0.00', '0.00', 8),
(437, 1, 9, 10064524, 'Kipas 64 x 52 x D4', '0.00', '0.00', 8),
(438, 1, 9, 10074544, 'Kipas 74 x 54 x D4', '0.00', '0.00', 8),
(439, 1, 9, 10074404, 'Kipas 70 x 40 x D4', '0.00', '0.00', 8),
(440, 1, 9, 10058384, 'Kipas 58 x 38 x D4', '0.00', '0.00', 8),
(441, 1, 9, 10048504, 'Kipas 48 x 50 x D4', '0.00', '0.00', 8);

-- --------------------------------------------------------

--
-- Struktur dari tabel `products_wip`
--

CREATE TABLE `products_wip` (
  `product_wip_id` bigint(255) NOT NULL,
  `warehouse_id` bigint(255) NOT NULL DEFAULT 1,
  `product_id` bigint(255) NOT NULL,
  `product_amount` bigint(255) NOT NULL,
  `date_in` datetime NOT NULL DEFAULT current_timestamp(),
  `date_out` datetime DEFAULT NULL,
  `status` int(1) NOT NULL DEFAULT 0
) ENGINE=InnoDB DEFAULT CHARSET=utf8mb4;

--
-- Dumping data untuk tabel `products_wip`
--

INSERT INTO `products_wip` (`product_wip_id`, `warehouse_id`, `product_id`, `product_amount`, `date_in`, `date_out`, `status`) VALUES
(9, 1, 76, 1, '0000-00-00 00:00:00', '2021-03-18 10:41:58', 1),
(10, 1, 58, 1, '0000-00-00 00:00:00', '2021-03-18 10:42:06', 1),
(11, 1, 107, 1, '0000-00-00 00:00:00', '2021-03-20 09:34:50', 1),
(12, 1, 89, 1, '0000-00-00 00:00:00', '2021-03-20 09:31:29', 1),
(15, 1, 46, 2, '0000-00-00 00:00:00', '2021-03-18 10:43:07', 1),
(17, 1, 105, 1, '0000-00-00 00:00:00', '2021-03-18 13:45:06', 1),
(19, 1, 74, 1, '0000-00-00 00:00:00', '2021-03-18 13:36:34', 1),
(20, 1, 162, 1, '0000-00-00 00:00:00', '2021-03-30 16:31:18', 1),
(21, 1, 123, 1, '0000-00-00 00:00:00', '2021-03-22 16:27:42', 1),
(22, 1, 96, 1, '0000-00-00 00:00:00', '2021-03-24 09:34:47', 1),
(23, 1, 58, 1, '0000-00-00 00:00:00', '2021-03-22 14:11:33', 1),
(25, 1, 89, 1, '0000-00-00 00:00:00', '2021-03-17 16:30:49', 1),
(26, 1, 314, 1, '0000-00-00 00:00:00', '2021-03-25 16:34:39', 1),
(27, 1, 276, 1, '0000-00-00 00:00:00', '2021-03-26 16:30:56', 1),
(29, 1, 158, 1, '0000-00-00 00:00:00', '2021-03-24 16:34:41', 1),
(34, 1, 316, 1, '0000-00-00 00:00:00', '2021-03-17 16:27:21', 1),
(36, 1, 315, 1, '2021-03-13 13:28:43', NULL, 1),
(38, 1, 315, 1, '2021-03-13 16:52:40', NULL, 1),
(42, 1, 52, 1, '0000-00-00 00:00:00', '2021-03-30 16:33:58', 1),
(43, 1, 105, 1, '0000-00-00 00:00:00', '2021-03-17 16:31:02', 1),
(44, 1, 57, 1, '0000-00-00 00:00:00', '2021-03-19 16:32:25', 1),
(46, 1, 124, 1, '0000-00-00 00:00:00', '2021-03-17 16:27:41', 1),
(47, 1, 130, 1, '0000-00-00 00:00:00', '2021-03-24 09:57:49', 1),
(49, 1, 157, 1, '0000-00-00 00:00:00', '2021-03-22 14:03:03', 1),
(50, 1, 96, 1, '0000-00-00 00:00:00', '2021-03-17 16:25:53', 1),
(53, 1, 113, 1, '2021-03-16 13:36:14', '2021-03-20 09:32:01', 1),
(56, 1, 89, 1, '2021-03-16 13:36:56', '2021-03-17 16:30:31', 1),
(57, 1, 87, 1, '2021-03-16 13:37:05', '2021-03-26 16:33:39', 1),
(58, 1, 52, 1, '2021-03-16 13:37:23', '2021-04-23 08:56:07', 1),
(59, 1, 317, 1, '2021-03-16 13:40:09', '2021-03-16 13:40:51', 1),
(61, 1, 123, 1, '2021-03-16 15:26:05', '2021-03-20 09:13:22', 1),
(62, 1, 162, 1, '2021-03-16 15:26:26', '2021-04-03 08:23:07', 1),
(64, 1, 129, 1, '2021-03-16 15:27:09', '2021-03-20 09:12:09', 1),
(65, 1, 87, 1, '2021-03-16 15:27:19', '2021-03-20 09:43:38', 1),
(66, 1, 309, 1, '2021-03-16 15:27:32', '2021-03-22 14:17:53', 1),
(67, 1, 34, 1, '2021-03-16 15:27:48', '2021-04-14 16:19:49', 1),
(68, 1, 158, 1, '2021-03-17 10:35:53', '2021-04-08 08:18:41', 1),
(70, 1, 314, 1, '2021-03-17 10:36:17', '2021-04-19 09:20:12', 1),
(72, 1, 46, 1, '2021-03-18 10:44:12', '2021-03-24 10:24:39', 1),
(73, 1, 46, 1, '2021-03-18 10:45:53', '2021-03-22 14:12:37', 1),
(74, 1, 76, 1, '2021-03-18 10:46:05', '2021-03-18 10:52:49', 1),
(75, 1, 58, 1, '2021-03-18 10:46:14', '2021-03-20 09:34:23', 1),
(76, 1, 76, 1, '2021-03-18 10:53:11', '2021-03-22 14:08:34', 1),
(78, 1, 105, 1, '2021-03-18 13:46:50', '2021-03-24 10:15:43', 1),
(79, 1, 52, 1, '0000-00-00 00:00:00', '2021-03-19 16:31:28', 1),
(80, 1, 226, 1, '0000-00-00 00:00:00', '2021-03-20 09:28:52', 1),
(81, 1, 225, 1, '2021-03-24 16:26:36', '2021-03-25 16:33:00', 1),
(82, 1, 321, 1, '2021-03-25 14:39:51', '2021-03-29 16:41:39', 1),
(83, 1, 46, 1, '2021-03-24 10:27:30', '2021-03-24 10:27:52', 1),
(84, 1, 143, 1, '2021-03-24 10:41:39', '2021-03-26 16:32:29', 1),
(85, 1, 323, 1, '2021-03-24 10:50:16', '2021-03-29 16:45:26', 1),
(86, 1, 324, 1, '2021-03-24 10:53:08', '2021-03-29 16:34:18', 1),
(87, 1, 59, 1, '0000-00-00 00:00:00', '2021-03-24 16:20:25', 1),
(88, 1, 225, 1, '2021-03-24 16:26:36', '2021-03-24 16:27:21', 1),
(89, 1, 225, 1, '2021-03-24 16:26:36', '2021-03-24 16:29:15', 1),
(90, 1, 232, 1, '2021-03-27 09:32:57', '2021-03-27 09:33:23', 1),
(92, 1, 142, 1, '2021-03-30 08:48:55', '2021-04-03 16:21:56', 1),
(93, 1, 339, 1, '2021-03-30 08:50:48', '2021-04-07 16:29:58', 1),
(94, 1, 340, 1, '2021-03-30 08:52:17', '2021-04-03 08:13:40', 1),
(95, 1, 321, 1, '2021-03-31 09:16:38', '2021-04-06 08:13:27', 1),
(96, 1, 165, 1, '2021-03-31 09:17:06', '2021-04-03 16:30:34', 1),
(97, 1, 324, 1, '2021-03-31 09:19:26', '2021-04-14 16:19:08', 1),
(98, 1, 130, 1, '2021-03-31 09:22:39', '2021-04-07 16:27:49', 1),
(99, 1, 123, 1, '2021-03-31 09:23:48', '2021-04-03 08:13:07', 1),
(100, 1, 105, 1, '2021-03-31 09:24:09', '2021-04-03 16:31:17', 1),
(101, 1, 46, 2, '2021-03-31 09:24:26', '2021-04-06 08:26:52', 1),
(102, 1, 58, 1, '2021-03-31 09:24:47', '2021-04-23 08:56:33', 1),
(103, 1, 342, 1, '2021-03-31 09:26:15', '2021-04-06 08:13:41', 1),
(104, 1, 340, 1, '2021-03-30 08:52:17', '2021-04-01 08:27:05', 1),
(105, 1, 343, 1, '2021-04-05 09:09:17', '2021-04-10 16:14:43', 1),
(107, 1, 344, 1, '2021-04-05 09:11:16', '2021-04-08 08:20:19', 1),
(108, 1, 322, 1, '2021-04-05 09:19:29', '2021-04-07 16:26:32', 1),
(109, 1, 96, 1, '2021-04-05 09:12:21', '2021-04-20 16:32:17', 1),
(110, 1, 345, 1, '2021-04-05 09:27:14', '2021-04-08 08:21:11', 1),
(111, 1, 130, 1, '2021-03-31 09:22:39', '2021-04-07 16:26:17', 1),
(112, 1, 58, 1, '2021-03-31 09:24:47', '2021-04-07 16:27:13', 1),
(113, 1, 52, 1, '2021-03-16 13:37:23', '2021-04-07 16:27:29', 1),
(115, 1, 176, 1, '2021-04-09 15:30:49', '2021-04-16 16:26:42', 1),
(116, 1, 256, 1, '2021-04-09 15:31:05', '2021-04-23 08:57:41', 1),
(117, 1, 96, 1, '2021-04-09 15:31:25', '2021-04-19 09:43:18', 1),
(118, 1, 129, 1, '2021-04-09 15:31:42', '2021-04-19 09:46:19', 1),
(119, 1, 89, 1, '2021-04-09 15:31:56', '2021-04-14 16:24:09', 1),
(120, 1, 105, 1, '2021-04-09 15:32:12', '2021-04-21 16:21:09', 1),
(121, 1, 256, 1, '2021-04-17 09:13:41', '2021-04-21 16:26:46', 1),
(122, 1, 347, 1, '2021-04-17 09:14:54', '2021-04-23 08:56:44', 1),
(123, 1, 59, 1, '2021-04-17 09:15:08', '2021-04-20 16:27:36', 1),
(124, 1, 316, 1, '2021-04-17 09:16:49', '2021-04-24 15:27:26', 1),
(125, 1, 313, 1, '2021-04-19 10:01:20', '2021-04-24 13:43:25', 1),
(126, 1, 348, 1, '2021-04-19 10:05:05', '2021-04-23 08:57:00', 1),
(127, 1, 58, 1, '2021-04-19 10:05:19', '2021-04-21 16:25:46', 1),
(128, 1, 256, 1, '2021-04-09 15:31:05', '2021-04-20 16:24:15', 1),
(130, 1, 76, 1, '2021-04-27 10:33:43', '2021-05-07 16:37:37', 1),
(131, 1, 350, 1, '2021-04-27 10:34:55', '2021-05-24 08:13:37', 1),
(132, 1, 349, 1, '2021-04-27 11:09:35', '2021-05-05 08:18:30', 1),
(133, 1, 74, 1, '2021-04-28 08:57:45', '2021-05-07 16:38:10', 1),
(134, 1, 351, 1, '2021-04-28 08:59:02', '2021-04-30 16:37:51', 1),
(135, 1, 352, 1, '2021-04-29 08:53:05', '2021-04-30 16:37:26', 1),
(136, 1, 74, 1, '2021-04-29 08:53:22', '2021-05-24 08:13:41', 1),
(137, 1, 105, 1, '2021-04-29 08:53:35', '2021-05-07 16:37:45', 1),
(138, 1, 123, 1, '2021-04-29 08:53:48', '2021-05-07 16:37:19', 1),
(139, 1, 165, 1, '2021-04-29 08:54:01', '2021-05-24 08:13:46', 1),
(140, 1, 76, 1, '2021-04-27 10:33:43', '2021-04-29 16:45:30', 1),
(141, 1, 76, 1, '2021-04-27 10:33:43', '2021-04-29 16:45:52', 1),
(142, 1, 76, 1, '2021-04-27 10:33:43', '2021-04-29 16:46:06', 1),
(143, 1, 76, 2, '2021-04-27 10:33:43', '2021-04-30 10:55:44', 1),
(144, 1, 150, 1, '2021-05-07 11:41:42', '2021-05-24 16:36:28', 1),
(145, 1, 106, 1, '2021-05-07 11:41:51', '2021-05-24 16:35:07', 1),
(146, 1, 129, 1, '2021-05-07 11:42:01', '2021-05-24 16:39:17', 1),
(147, 1, 124, 1, '2021-05-07 11:42:10', '2021-06-11 09:21:10', 1),
(148, 1, 107, 1, '2021-05-07 11:42:40', '2021-06-11 09:35:03', 1),
(149, 1, 76, 1, '2021-04-27 10:33:43', '2021-05-07 16:37:01', 1),
(150, 1, 130, 1, '2021-05-08 08:43:19', '2021-06-10 14:13:14', 1),
(151, 1, 129, 1, '2021-05-08 08:43:36', '2021-06-11 08:42:33', 1),
(152, 1, 150, 1, '2021-06-11 09:24:28', '2021-06-11 09:24:51', 1),
(153, 1, 89, 1, '2021-05-08 08:44:06', '2021-05-24 16:39:57', 1),
(154, 1, 106, 1, '2021-05-08 08:44:15', '2021-05-24 16:35:36', 1),
(155, 1, 105, 1, '2021-05-18 09:22:50', '2021-06-10 14:15:36', 1),
(156, 1, 134, 1, '2021-05-18 09:23:09', '2021-06-11 09:35:24', 1),
(157, 1, 112, 1, '2021-05-18 09:23:23', '2021-05-24 16:36:04', 1),
(158, 1, 177, 1, '2021-05-18 09:23:37', '2021-06-11 09:27:35', 1),
(159, 1, 316, 1, '2021-05-18 09:23:50', '2021-06-11 09:35:20', 1),
(160, 1, 324, 1, '2021-05-19 08:08:40', '2021-06-11 09:28:23', 1),
(161, 1, 353, 1, '2021-05-19 08:10:42', '2021-06-11 08:44:52', 1),
(162, 1, 354, 1, '2021-05-19 08:10:57', '2021-06-10 14:18:49', 1),
(163, 1, 355, 1, '2021-05-25 09:13:31', '2021-06-11 09:15:57', 1),
(164, 1, 356, 1, '2021-05-25 09:15:00', '2021-06-11 09:27:12', 1),
(165, 1, 112, 1, '2021-05-25 09:16:15', '2021-06-11 09:21:26', 1),
(166, 1, 46, 1, '2021-05-25 09:16:54', '2021-06-11 08:46:38', 1),
(167, 1, 95, 1, '2021-05-25 09:17:23', '2021-06-10 14:33:55', 1),
(168, 1, 357, 1, '2021-05-25 09:19:29', '2021-06-11 09:21:41', 1),
(169, 1, 132, 1, '2021-05-26 09:09:22', '2021-06-10 14:19:53', 1),
(170, 1, 46, 1, '2021-05-26 09:10:49', '2021-06-10 14:16:06', 1),
(171, 1, 57, 1, '2021-05-26 09:11:06', '2021-06-11 08:46:09', 1),
(172, 1, 358, 1, '2021-05-26 09:12:34', '2021-06-10 14:15:16', 1),
(173, 1, 359, 1, '2021-05-26 10:20:14', '2021-06-11 09:29:41', 1),
(174, 1, 87, 1, '2021-06-10 13:28:53', '2021-06-11 08:49:07', 1),
(175, 1, 57, 1, '2021-06-10 13:29:47', '2021-07-02 09:51:56', 1),
(176, 1, 141, 1, '2021-06-10 13:31:22', '2021-06-22 08:40:13', 1),
(177, 1, 316, 1, '2021-06-10 13:39:48', '2021-06-14 16:30:01', 1),
(178, 1, 360, 1, '2021-06-10 13:41:15', '2021-06-11 09:29:59', 1),
(179, 1, 105, 1, '2021-06-10 13:40:44', '2021-06-10 14:14:59', 1),
(180, 1, 89, 1, '2021-06-10 13:41:09', '2021-06-11 09:20:57', 1),
(181, 1, 95, 1, '2021-06-10 13:41:44', '2021-06-10 14:22:34', 1),
(182, 1, 361, 1, '2021-06-10 13:45:08', '2021-06-11 09:33:34', 1),
(183, 1, 112, 1, '2021-06-10 13:45:17', '2021-06-11 08:50:35', 1),
(184, 1, 89, 1, '2021-06-10 13:45:29', '2021-06-14 16:26:37', 1),
(185, 1, 58, 2, '2021-06-10 13:45:42', '2021-06-11 09:33:47', 1),
(186, 1, 362, 2, '2021-06-10 13:45:59', '2021-06-19 09:24:48', 1),
(187, 1, 363, 1, '2021-06-10 13:46:22', '2021-06-10 14:16:42', 1),
(188, 1, 364, 1, '2021-06-10 13:47:18', '2021-07-02 09:52:01', 1),
(189, 1, 105, 1, '2021-06-10 13:40:44', '2021-06-10 14:13:47', 1),
(190, 1, 129, 1, '2021-05-08 08:43:36', '2021-06-10 14:18:34', 1),
(191, 1, 89, 1, '2021-06-10 13:41:09', '2021-06-11 08:44:27', 1),
(192, 1, 360, 1, '2021-06-10 13:41:15', '2021-06-11 08:46:25', 1),
(193, 1, 134, 1, '2021-05-18 09:23:09', '2021-06-11 08:50:12', 1),
(194, 1, 95, 1, '2021-06-12 09:00:40', '2021-06-14 16:30:54', 1),
(195, 1, 226, 1, '2021-06-12 09:01:01', '2021-06-14 16:28:15', 1),
(196, 1, 235, 1, '2021-06-12 09:01:16', '2021-06-29 10:43:34', 1),
(197, 1, 361, 1, '2021-06-12 09:01:27', '2021-06-14 16:29:00', 1),
(198, 1, 365, 1, '2021-06-12 13:50:03', '2021-06-29 10:40:22', 1),
(199, 1, 235, 1, '2021-06-14 08:49:36', '2021-07-13 10:28:57', 1),
(200, 1, 74, 1, '2021-06-14 08:49:55', '2021-06-22 08:39:08', 1),
(201, 1, 123, 1, '2021-06-14 08:50:07', '2021-06-22 08:40:23', 1),
(202, 1, 366, 1, '2021-06-14 08:51:45', '2021-06-22 08:38:02', 1),
(203, 1, 226, 1, '2021-06-12 09:01:01', '2021-06-14 16:27:29', 1),
(204, 1, 235, 1, '2021-06-12 09:01:16', '2021-06-14 16:31:07', 1),
(205, 1, 58, 2, '2021-06-19 09:04:30', '2021-06-22 08:39:41', 1),
(206, 1, 112, 1, '2021-06-19 09:06:04', '2021-07-13 10:24:55', 1),
(207, 1, 113, 1, '2021-06-19 09:06:51', '2021-06-29 10:42:40', 1),
(208, 1, 74, 1, '2021-06-19 09:07:05', '2021-07-15 16:47:12', 1),
(209, 1, 107, 1, '2021-06-19 09:07:28', '2021-06-29 10:44:11', 1),
(210, 1, 368, 1, '2021-06-19 09:09:16', '2021-06-29 10:45:02', 1),
(211, 1, 369, 1, '2021-06-19 09:10:08', '2021-07-19 16:38:21', 1),
(212, 1, 370, 1, '2021-06-19 09:11:02', '2021-06-29 10:40:01', 1),
(213, 1, 314, 1, '2021-06-19 09:11:11', '2021-06-22 08:37:26', 1),
(214, 1, 87, 1, '2021-06-19 09:11:20', '2021-06-29 10:39:23', 1),
(215, 1, 235, 1, '2021-06-12 09:01:16', '2021-06-19 09:25:17', 1),
(216, 1, 106, 1, '2021-06-25 10:19:19', '2021-06-29 10:47:07', 1),
(217, 1, 364, 1, '2021-06-25 10:19:33', '2021-07-13 10:22:15', 1),
(218, 1, 112, 1, '2021-06-25 10:19:44', '2021-07-13 10:28:17', 1),
(219, 1, 123, 1, '2021-06-25 10:20:29', '2021-06-29 10:44:48', 1),
(220, 1, 165, 1, '2021-06-25 10:20:44', '2021-07-13 10:13:09', 1),
(223, 1, 107, 1, '2021-06-19 09:07:28', '2021-06-29 10:29:30', 1),
(224, 1, 112, 1, '2021-06-19 09:06:04', '2021-06-29 10:43:02', 1),
(225, 1, 106, 1, '2021-07-01 09:47:37', '2021-07-13 10:26:26', 1),
(226, 1, 113, 1, '2021-07-01 09:47:59', '2021-07-06 09:30:51', 1),
(227, 1, 89, 1, '2021-07-01 09:48:25', '2021-07-13 10:12:04', 1),
(229, 1, 150, 1, '2021-07-01 09:50:12', '2021-07-13 10:23:31', 1),
(230, 1, 372, 1, '2021-07-01 09:51:58', '2021-07-06 09:30:02', 1),
(231, 1, 141, 1, '2021-07-01 09:52:12', '2021-07-13 10:26:06', 1),
(232, 1, 46, 1, '2021-07-01 09:52:25', '2021-07-13 10:14:09', 1),
(233, 1, 225, 1, '2021-07-01 09:52:37', '2021-07-13 10:15:01', 1),
(234, 1, 373, 1, '2021-07-01 09:53:41', '2021-07-13 10:10:25', 1),
(235, 1, 321, 1, '2021-07-01 09:53:56', '2021-07-13 10:13:44', 1),
(236, 1, 112, 1, '2021-07-03 09:23:15', '2021-07-28 08:26:05', 1),
(237, 1, 106, 1, '2021-07-03 09:23:30', '2021-07-06 09:31:10', 1),
(238, 1, 96, 1, '2021-07-03 09:23:40', '2021-07-13 10:17:32', 1),
(239, 1, 226, 1, '2021-07-03 09:23:52', '2021-07-14 16:25:56', 1),
(240, 1, 95, 1, '2021-07-03 09:24:03', '2021-07-13 10:24:00', 1),
(241, 1, 225, 1, '2021-07-03 09:24:13', '2021-07-14 16:26:53', 1),
(242, 1, 370, 1, '2021-07-03 09:24:23', '2021-07-13 10:26:15', 1),
(243, 1, 162, 1, '2021-07-03 09:24:35', '2021-07-14 16:20:50', 1),
(244, 1, 89, 1, '2021-07-03 09:24:46', '2021-07-06 09:28:40', 1),
(245, 1, 354, 1, '2021-07-03 09:24:58', '2021-07-13 10:27:58', 1),
(246, 1, 372, 1, '2021-07-01 09:51:58', '2021-07-06 09:28:59', 1),
(247, 1, 46, 1, '2021-07-01 09:52:25', '2021-07-06 09:30:31', 1),
(248, 1, 344, 1, '2021-07-09 08:07:39', '2021-07-13 10:12:29', 1),
(249, 1, 374, 1, '2021-07-10 09:39:25', '2021-07-14 16:23:20', 1),
(250, 1, 87, 1, '2021-07-10 09:47:59', '2021-08-24 16:12:29', 1),
(251, 1, 112, 1, '2021-07-10 09:45:10', '2021-07-13 10:19:06', 1),
(252, 1, 106, 1, '2021-07-10 09:45:22', '2021-07-13 10:23:44', 1),
(253, 1, 154, 1, '2021-07-10 09:45:36', '2021-07-16 16:44:14', 1),
(254, 1, 370, 1, '2021-07-10 09:45:52', '2021-07-14 16:31:56', 1),
(255, 1, 225, 1, '2021-07-10 09:46:10', '2021-08-26 15:31:07', 1),
(256, 1, 376, 1, '2021-07-10 09:47:35', '2021-07-13 10:11:24', 1),
(257, 1, 96, 1, '2021-07-10 09:48:16', '2021-07-13 10:12:45', 1),
(258, 1, 375, 1, '2021-07-10 09:49:35', '2021-07-15 16:42:34', 1),
(259, 1, 89, 2, '2021-07-01 09:48:25', '2021-07-13 10:10:59', 1),
(260, 1, 87, 1, '2021-07-10 09:47:59', '2021-07-13 10:14:46', 1),
(261, 1, 106, 1, '2021-07-01 09:47:37', '2021-07-13 10:25:55', 1),
(262, 1, 106, 1, '2021-07-14 08:47:11', '2021-07-15 16:43:49', 1),
(263, 1, 74, 1, '2021-07-14 08:48:48', '2021-07-28 08:23:48', 1),
(264, 1, 113, 1, '2021-07-14 08:49:39', '2021-07-19 16:21:57', 1),
(265, 1, 377, 1, '2021-07-14 08:54:39', '2021-07-19 16:24:57', 1),
(266, 1, 57, 1, '2021-07-14 08:55:19', '2021-08-06 14:34:57', 1),
(267, 1, 46, 1, '2021-07-14 08:55:47', '2021-07-19 16:23:05', 1),
(268, 1, 374, 1, '2021-07-14 08:56:13', '2021-07-28 08:43:50', 1),
(269, 1, 377, 1, '2021-07-14 08:54:39', '2021-07-14 16:25:13', 1),
(270, 1, 112, 1, '2021-07-03 09:23:15', '2021-07-14 16:31:19', 1),
(271, 1, 225, 1, '2021-07-10 09:46:10', '2021-07-14 16:32:43', 1),
(272, 1, 377, 1, '2021-07-14 08:54:39', '2021-07-14 16:34:17', 1),
(273, 1, 378, 1, '2021-07-15 09:15:08', '2021-07-30 08:07:15', 1),
(274, 1, 58, 1, '2021-07-15 09:15:48', '2021-07-19 16:23:29', 1),
(275, 1, 225, 1, '2021-07-15 09:16:25', '2021-07-17 14:58:19', 1),
(276, 1, 379, 1, '2021-07-15 09:18:56', '2021-07-17 15:00:24', 1),
(278, 1, 74, 1, '2021-07-14 08:48:48', '2021-07-19 16:22:34', 1),
(279, 1, 46, 1, '2021-07-21 09:00:27', '2021-07-23 16:49:10', 1),
(280, 1, 381, 1, '2021-07-21 09:02:17', '2021-07-30 08:09:38', 1),
(283, 1, 112, 1, '2021-07-23 09:03:40', '2021-07-31 14:40:52', 1),
(284, 1, 74, 1, '2021-07-23 09:04:18', '2021-08-28 13:52:23', 1),
(285, 1, 57, 1, '2021-07-23 09:04:45', '2021-07-23 16:47:46', 1),
(286, 1, 106, 1, '2021-07-23 09:05:08', '2021-07-30 08:08:00', 1),
(287, 1, 134, 1, '2021-07-23 09:05:34', '2021-07-28 08:25:16', 1),
(288, 1, 58, 1, '2021-07-23 09:06:02', '2021-08-09 15:17:40', 1),
(289, 1, 96, 1, '2021-07-23 09:06:25', '2021-08-02 09:38:53', 1),
(290, 1, 89, 1, '2021-07-23 09:06:49', '2021-07-28 08:22:36', 1),
(291, 1, 113, 1, '2021-07-23 09:07:07', '2021-07-26 16:36:21', 1),
(292, 1, 58, 1, '2021-07-23 09:06:02', '2021-07-23 16:46:03', 1),
(293, 1, 46, 1, '2021-07-21 09:00:27', '2021-07-23 16:46:36', 1),
(294, 1, 112, 1, '2021-07-24 08:58:54', '2021-08-02 09:07:49', 1),
(295, 1, 89, 1, '2021-07-24 09:00:02', '2021-07-30 08:26:45', 1),
(297, 1, 74, 2, '2021-07-24 09:00:47', '2021-08-09 14:58:44', 1),
(298, 1, 386, 1, '2021-07-24 09:02:59', '2021-07-30 16:35:37', 1),
(299, 1, 96, 1, '2021-07-23 09:06:25', '2021-07-28 08:26:44', 1),
(300, 1, 74, 1, '2021-07-23 09:04:18', '2021-07-28 10:17:59', 1),
(301, 1, 387, 1, '2021-07-29 09:12:48', '2021-08-09 15:18:33', 1),
(302, 1, 105, 1, '2021-07-29 09:13:20', '2021-08-21 08:31:54', 1),
(303, 1, 388, 1, '2021-07-29 09:14:53', '2021-07-31 14:46:21', 1),
(304, 1, 164, 1, '2021-07-29 09:16:04', '2021-08-02 09:32:04', 1),
(305, 1, 57, 1, '2021-07-29 09:16:51', '2021-08-21 08:33:39', 1),
(306, 1, 106, 1, '2021-07-29 09:17:05', '2021-08-06 14:33:55', 1),
(307, 1, 112, 1, '2021-07-29 09:17:27', '2021-08-12 16:17:01', 1),
(308, 1, 41, 1, '2021-07-29 09:19:47', '2021-08-21 08:35:34', 1),
(309, 1, 233, 1, '2021-07-30 08:58:06', '2021-08-06 14:34:29', 1),
(310, 1, 112, 1, '2021-07-30 08:58:18', '2021-08-21 08:31:31', 1),
(311, 1, 389, 1, '2021-07-30 09:03:05', '2021-08-10 15:54:56', 1),
(312, 1, 140, 1, '2021-08-02 09:18:14', '2021-08-09 14:57:53', 1),
(313, 1, 134, 1, '2021-08-02 09:18:28', '2021-08-09 15:19:32', 1),
(314, 1, 106, 1, '2021-08-02 09:19:12', '2021-08-10 15:55:24', 1),
(315, 1, 130, 1, '2021-08-02 09:19:29', '2021-08-21 08:34:46', 1),
(316, 1, 106, 1, '2021-08-02 09:19:52', '2021-08-12 15:58:48', 1),
(317, 1, 111, 1, '2021-08-02 09:20:08', '2021-08-06 14:33:13', 1),
(318, 1, 390, 1, '2021-08-06 09:52:06', '2021-08-10 15:54:24', 1),
(319, 1, 41, 1, '2021-08-06 09:54:17', '2021-08-21 08:43:38', 1),
(320, 1, 124, 1, '2021-08-06 09:54:35', '2021-08-12 16:17:15', 1),
(321, 1, 113, 1, '2021-08-06 09:54:49', '2021-08-12 15:56:58', 1),
(322, 1, 157, 1, '2021-08-06 09:55:08', '2021-08-12 15:57:25', 1),
(323, 1, 305, 1, '2021-08-06 09:55:23', '2021-08-12 15:59:57', 1),
(324, 1, 314, 1, '2021-08-07 09:02:28', '2021-08-12 15:58:23', 1),
(325, 1, 150, 1, '2021-08-07 09:03:05', '2021-08-12 15:59:25', 1),
(326, 1, 57, 1, '2021-08-07 09:03:29', '2021-08-21 08:35:55', 1),
(327, 1, 112, 1, '2021-08-07 09:03:40', '2021-09-07 15:24:08', 1),
(328, 1, 155, 1, '2021-08-07 09:03:54', '2021-08-21 08:32:45', 1),
(329, 1, 150, 1, '2021-08-07 09:03:05', '2021-08-10 15:55:55', 1),
(330, 1, 391, 1, '2021-08-12 09:05:39', '2021-08-14 14:28:40', 1),
(331, 1, 132, 1, '2021-08-12 09:06:17', '2021-08-21 08:33:08', 1),
(332, 1, 26, 1, '2021-08-12 09:06:39', '2021-08-14 14:28:10', 1),
(333, 1, 26, 1, '2021-08-12 09:06:53', '2021-08-14 14:29:06', 1),
(334, 1, 58, 1, '2021-08-12 09:07:15', '2021-08-12 15:57:55', 1),
(335, 1, 58, 1, '2021-08-12 09:07:59', '2021-08-21 08:37:05', 1),
(336, 1, 142, 1, '2021-08-12 09:08:21', '2021-08-21 08:36:44', 1),
(337, 1, 141, 1, '2021-08-12 09:08:42', '2021-08-14 14:27:42', 1),
(338, 1, 106, 1, '2021-08-12 09:09:00', '2021-08-21 08:42:30', 1),
(339, 1, 26, 1, '2021-08-13 08:51:10', '2021-08-24 15:17:32', 1),
(340, 1, 149, 1, '2021-08-13 08:51:33', '2021-08-21 08:34:04', 1),
(341, 1, 162, 1, '2021-08-13 08:52:32', '2021-08-21 08:32:20', 1),
(342, 1, 392, 1, '2021-08-13 08:56:07', '2021-08-23 08:45:49', 1),
(343, 1, 393, 1, '2021-08-13 15:47:18', '2021-08-14 14:29:21', 1),
(344, 1, 113, 1, '2021-08-19 09:20:13', '2021-08-24 15:17:12', 1),
(345, 1, 123, 1, '2021-08-19 09:20:44', '2021-08-24 15:16:24', 1),
(346, 1, 35, 1, '2021-08-19 09:21:05', '2021-08-21 14:36:38', 1),
(347, 1, 35, 1, '2021-08-19 09:21:18', '2021-08-21 14:40:01', 1),
(348, 1, 35, 1, '2021-08-19 09:21:29', '2021-08-21 14:42:45', 1),
(349, 1, 58, 1, '2021-08-19 09:22:12', '2021-08-21 08:44:25', 1),
(350, 1, 96, 1, '2021-08-19 09:22:32', '2021-08-21 08:36:22', 1),
(351, 1, 96, 1, '2021-08-19 09:22:48', '2021-08-21 08:43:10', 1),
(352, 1, 96, 1, '2021-08-19 09:23:03', '2021-08-21 08:44:48', 1),
(353, 1, 96, 1, '2021-08-19 09:23:18', '2021-08-24 15:16:57', 1),
(354, 1, 96, 1, '2021-08-19 09:23:37', '2021-08-24 15:17:51', 1),
(355, 1, 141, 1, '2021-08-19 10:50:02', '2021-08-21 14:34:59', 1),
(356, 1, 106, 1, '2021-08-20 08:51:22', '2021-08-28 13:34:27', 1),
(357, 1, 26, 1, '2021-08-20 08:51:35', '2021-09-17 10:27:23', 1),
(358, 1, 394, 1, '2021-08-20 08:53:22', '2021-08-24 16:12:14', 1),
(359, 1, 132, 1, '2021-08-25 09:21:55', '2021-08-28 13:50:48', 1),
(360, 1, 132, 1, '2021-08-25 09:22:08', '2021-10-14 08:08:17', 1),
(361, 1, 96, 1, '2021-08-25 09:22:53', '2021-09-04 13:22:57', 1),
(362, 1, 123, 1, '2021-08-25 09:23:07', '2021-08-28 13:51:02', 1),
(363, 1, 123, 1, '2021-08-25 09:23:17', '2021-08-28 13:52:04', 1),
(364, 1, 395, 1, '2021-08-25 09:24:45', '2021-08-28 10:12:34', 1),
(365, 1, 396, 1, '2021-08-26 09:07:26', '2021-08-28 13:51:30', 1),
(366, 1, 396, 1, '2021-08-26 09:08:14', '2021-08-28 13:51:45', 1),
(367, 1, 123, 1, '2021-08-26 09:08:30', '2021-09-07 15:27:28', 1),
(368, 1, 123, 1, '2021-08-26 09:08:44', '2021-09-07 15:27:40', 1),
(369, 1, 397, 1, '2021-08-26 09:10:00', '2021-09-13 08:35:36', 1),
(370, 1, 398, 1, '2021-08-27 09:01:06', '2021-09-07 15:29:17', 1),
(371, 1, 132, 1, '2021-08-27 09:01:26', '2021-10-14 08:08:23', 1),
(372, 1, 87, 1, '2021-08-27 09:01:40', '2021-09-01 13:18:12', 1),
(373, 1, 87, 1, '2021-08-27 09:02:00', '2021-09-01 13:18:20', 1),
(374, 1, 87, 1, '2021-08-27 09:02:14', '2021-09-01 13:18:32', 1),
(375, 1, 58, 1, '2021-08-27 09:02:26', '2021-09-07 15:25:07', 1),
(376, 1, 58, 1, '2021-08-27 09:02:38', '2021-09-13 16:22:35', 1),
(377, 1, 399, 1, '2021-08-27 09:03:43', '2021-09-09 15:55:39', 1),
(378, 1, 400, 1, '2021-08-30 08:51:19', '2021-09-01 13:18:44', 1),
(379, 1, 35, 1, '2021-08-30 08:51:48', '2021-09-14 15:22:48', 1),
(380, 1, 123, 1, '2021-08-31 09:39:41', '2021-09-01 13:17:40', 1),
(381, 1, 123, 1, '2021-08-31 09:40:12', '2021-09-01 13:17:50', 1),
(382, 1, 226, 1, '2021-08-31 09:40:33', '2021-09-13 16:21:49', 1),
(383, 1, 35, 1, '2021-08-31 09:40:58', '2021-09-17 15:46:38', 1),
(384, 1, 76, 1, '2021-08-31 09:41:14', '2021-09-07 15:25:51', 1),
(385, 1, 48, 1, '2021-08-31 09:41:34', '2021-09-07 15:28:14', 1),
(386, 1, 48, 1, '2021-08-31 09:41:54', '2021-09-07 15:28:21', 1),
(387, 1, 155, 1, '2021-08-31 09:42:18', '2021-09-16 15:49:47', 1),
(388, 1, 113, 1, '2021-08-31 09:42:31', '2021-09-07 15:26:50', 1),
(389, 1, 113, 1, '2021-08-31 09:42:41', '2021-09-13 16:17:08', 1),
(390, 1, 401, 1, '2021-09-01 10:52:09', '2021-09-14 15:23:20', 1),
(391, 1, 225, 1, '2021-09-01 10:52:24', '2021-09-14 15:22:59', 1),
(392, 1, 226, 1, '2021-09-01 10:52:37', '2021-09-07 15:29:42', 1),
(393, 1, 105, 2, '2021-09-01 10:52:53', '2021-09-07 15:28:46', 1),
(394, 1, 226, 1, '2021-09-02 09:02:23', '2021-09-13 16:34:02', 1),
(395, 1, 106, 1, '2021-09-02 09:02:41', '2021-09-13 16:32:46', 1),
(396, 1, 105, 1, '2021-09-02 09:03:34', '2021-09-07 15:28:55', 1),
(397, 1, 96, 1, '2021-09-02 09:03:59', '2021-09-07 15:30:07', 1),
(398, 1, 113, 1, '2021-09-02 09:04:17', '2021-09-13 16:31:43', 1),
(399, 1, 76, 1, '2021-09-02 09:04:57', '2021-09-13 16:22:49', 1),
(400, 1, 123, 1, '2021-09-02 09:04:46', '2021-09-07 15:27:48', 1),
(401, 1, 141, 1, '2021-09-02 09:05:20', '2021-10-13 15:24:29', 1),
(402, 1, 76, 1, '2021-09-03 15:53:13', '2021-09-03 15:53:47', 1),
(403, 1, 113, 1, '2021-09-07 09:13:05', '2021-09-13 16:35:15', 1),
(404, 1, 134, 1, '2021-09-07 09:14:25', '2021-09-13 16:23:04', 1),
(405, 1, 89, 1, '2021-09-07 09:14:39', '2021-09-13 16:36:01', 1),
(406, 1, 48, 1, '2021-09-07 09:15:21', '2021-09-13 16:34:59', 1),
(407, 1, 124, 1, '2021-09-07 09:16:23', '2021-09-17 15:47:03', 1),
(408, 1, 226, 1, '2021-09-07 09:16:41', '2021-09-16 15:47:19', 1),
(409, 1, 96, 1, '2021-09-07 09:16:54', '2021-09-16 15:55:17', 1),
(410, 1, 105, 1, '2021-09-07 09:17:17', '2021-09-07 15:28:59', 1),
(411, 1, 76, 1, '2021-09-02 09:04:57', '2021-09-07 15:26:02', 1),
(412, 1, 35, 2, '2021-08-30 08:51:48', '2021-09-07 15:26:26', 1),
(413, 1, 225, 2, '2021-09-01 10:52:24', '2021-09-07 15:34:09', 1),
(414, 1, 76, 1, '2021-09-09 10:36:53', '2021-10-16 08:19:06', 1),
(415, 1, 134, 1, '2021-09-13 16:24:28', '2021-09-16 15:52:20', 1),
(416, 1, 96, 1, '2021-09-10 09:10:35', '2021-09-21 15:42:14', 1),
(417, 1, 256, 1, '2021-09-10 09:10:55', '2021-09-17 15:46:54', 1),
(418, 1, 105, 1, '2021-09-10 09:11:38', '2021-09-14 15:23:12', 1),
(419, 1, 149, 1, '2021-09-10 09:11:55', '2021-09-16 15:47:09', 1),
(420, 1, 123, 1, '2021-09-10 09:19:05', '2021-09-13 16:33:40', 1),
(421, 1, 226, 1, '2021-09-10 09:19:55', '2021-09-21 15:44:23', 1),
(422, 1, 232, 1, '2021-09-10 09:20:16', '2021-10-02 14:42:39', 1),
(423, 1, 256, 1, '2021-09-11 09:59:14', '2021-09-21 15:57:54', 1),
(424, 1, 89, 1, '2021-09-11 09:59:26', '2021-09-28 15:46:39', 1),
(425, 1, 123, 1, '2021-09-11 09:59:37', '2021-09-16 15:55:08', 1),
(426, 1, 361, 1, '2021-09-11 09:59:52', '2021-09-18 11:33:24', 1),
(427, 1, 123, 1, '2021-09-13 08:48:00', '2021-09-21 15:45:03', 1),
(428, 1, 369, 1, '2021-09-13 08:48:20', '2021-09-21 15:44:52', 1),
(429, 1, 320, 1, '2021-09-13 08:48:34', '2021-09-21 15:44:12', 1),
(431, 1, 96, 1, '2021-09-13 08:50:31', '2021-09-28 15:46:48', 1),
(432, 1, 163, 1, '2021-09-13 08:50:42', '2021-09-21 15:43:17', 1),
(433, 1, 105, 1, '2021-09-13 08:50:53', '2021-09-16 15:49:35', 1),
(434, 1, 76, 1, '2021-09-02 09:04:57', '2021-09-13 16:21:17', 1),
(435, 1, 256, 1, '2021-09-10 09:10:55', '2021-09-13 16:22:11', 1),
(436, 1, 225, 1, '2021-09-01 10:52:24', '2021-09-13 16:22:23', 1),
(437, 1, 76, 2, '2021-09-09 10:36:53', '2021-09-13 16:29:31', 1),
(438, 1, 256, 1, '2021-09-10 09:10:55', '2021-09-13 16:30:00', 1),
(439, 1, 226, 1, '2021-09-02 09:02:23', '2021-09-13 16:30:26', 1),
(440, 1, 76, 1, '2021-09-09 10:36:53', '2021-09-13 16:30:46', 1),
(441, 1, 226, 1, '2021-09-02 09:02:23', '2021-09-13 16:32:34', 1),
(442, 1, 76, 1, '2021-09-09 10:36:53', '2021-09-13 16:33:05', 1),
(443, 1, 134, 1, '2021-09-13 16:24:28', '2021-09-13 16:34:21', 1),
(444, 1, 89, 1, '2021-09-07 09:14:39', '2021-09-13 16:34:43', 1),
(445, 1, 89, 1, '2021-09-07 09:14:39', '2021-09-13 16:35:32', 1),
(446, 1, 226, 1, '2021-09-07 09:16:41', '2021-09-13 16:35:46', 1),
(447, 1, 226, 1, '2021-09-07 09:16:41', '2021-09-14 15:23:33', 1),
(448, 1, 226, 1, '2021-09-10 09:19:55', '2021-09-16 15:47:29', 1),
(449, 1, 76, 1, '2021-09-09 10:36:53', '2021-09-16 15:47:42', 1),
(450, 1, 226, 1, '2021-09-10 09:19:55', '2021-09-16 15:51:57', 1),
(451, 1, 403, 1, '2021-09-17 09:26:19', '2021-09-21 15:57:22', 1),
(452, 1, 147, 1, '2021-09-17 09:26:40', '2021-09-28 15:47:00', 1),
(453, 1, 134, 1, '2021-09-17 09:27:08', '2021-10-02 14:40:17', 1),
(454, 1, 150, 1, '2021-09-17 09:27:20', '2021-10-02 14:41:32', 1),
(455, 1, 390, 1, '2021-09-17 09:27:53', '2021-09-21 15:43:00', 1),
(456, 1, 226, 2, '2021-09-18 09:23:34', '2021-10-13 15:23:31', 1),
(457, 1, 58, 1, '2021-09-18 09:23:47', '2021-09-21 15:43:30', 1),
(458, 1, 123, 1, '2021-09-18 09:24:07', '2021-09-21 15:57:44', 1),
(459, 1, 124, 1, '2021-09-18 09:24:17', '2021-09-28 15:46:29', 1),
(460, 1, 113, 1, '2021-09-18 09:24:28', '2021-09-21 15:44:36', 1),
(461, 1, 89, 1, '2021-09-18 09:24:38', '2021-09-28 15:48:49', 1),
(462, 1, 90, 1, '2021-09-18 09:26:00', '2021-10-16 08:19:10', 1),
(463, 1, 123, 1, '2021-09-18 09:26:17', '2021-09-29 16:03:29', 1),
(464, 1, 105, 1, '2021-09-18 09:26:29', '2021-09-20 09:26:50', 1),
(465, 1, 256, 1, '2021-09-11 09:59:14', '2021-09-21 15:43:43', 1),
(466, 1, 226, 1, '2021-09-10 09:19:55', '2021-09-21 15:43:58', 1),
(467, 1, 243, 1, '2021-09-22 09:09:55', '2021-10-16 08:19:14', 1),
(468, 1, 226, 1, '2021-09-22 09:13:03', '2021-10-02 14:36:50', 1),
(469, 1, 232, 1, '2021-09-22 09:13:28', '2021-10-16 08:19:17', 1),
(470, 1, 74, 4, '2021-09-22 09:13:53', '2021-09-28 15:47:51', 1),
(471, 1, 44, 1, '2021-09-22 09:14:15', '2021-10-02 14:41:46', 1),
(472, 1, 89, 1, '2021-09-22 09:14:31', '2021-10-09 08:19:35', 1),
(473, 1, 105, 1, '2021-09-22 09:14:50', '2021-09-29 16:16:07', 1),
(474, 1, 167, 1, '2021-09-22 09:15:16', '2021-09-28 15:47:38', 1),
(475, 1, 158, 1, '2021-09-23 09:40:22', '2021-10-02 14:40:07', 1),
(476, 1, 404, 1, '2021-09-23 09:42:26', '2021-09-29 16:09:53', 1),
(477, 1, 96, 1, '2021-09-23 09:42:49', '2021-09-29 16:03:12', 1),
(478, 1, 320, 1, '2021-09-23 09:43:35', '2021-09-29 16:03:41', 1),
(479, 1, 123, 1, '2021-09-23 09:43:58', '2021-09-29 16:03:53', 1),
(480, 1, 76, 1, '2021-09-23 09:44:18', '2021-10-16 08:19:21', 1),
(481, 1, 165, 1, '2021-09-23 09:45:21', '2021-10-16 08:19:24', 1),
(482, 1, 226, 1, '2021-09-18 09:23:34', '2021-09-28 15:47:10', 1),
(483, 1, 105, 1, '2021-09-22 09:14:50', '2021-09-28 15:47:27', 1),
(484, 1, 74, 1, '2021-09-28 15:48:35', '2021-09-29 16:16:19', 1),
(485, 1, 405, 1, '2021-09-29 09:27:23', '2021-10-09 08:15:50', 1),
(486, 1, 226, 4, '2021-09-29 09:28:35', '2021-10-16 08:19:28', 1),
(487, 1, 406, 1, '2021-09-29 09:33:51', '2021-10-09 08:18:34', 1),
(488, 1, 256, 1, '2021-09-29 09:34:04', '2021-10-09 08:18:22', 1),
(489, 1, 256, 2, '2021-09-29 09:36:45', '2021-10-16 08:19:32', 1),
(490, 1, 105, 2, '2021-09-29 09:37:41', '2021-10-02 14:42:06', 1),
(491, 1, 89, 1, '2021-09-29 09:37:29', '2021-10-16 08:19:37', 1),
(492, 1, 57, 1, '2021-09-29 09:38:05', '2021-10-16 08:19:43', 1),
(493, 1, 130, 1, '2021-09-29 09:38:32', '2021-10-16 08:19:47', 1),
(494, 1, 157, 1, '2021-09-29 09:38:50', '2021-10-05 14:29:04', 1),
(497, 1, 226, 1, '2021-09-18 09:23:34', '2021-09-29 16:02:54', 1),
(498, 1, 89, 1, '2021-09-22 09:14:31', '2021-09-29 16:10:11', 1),
(499, 1, 243, 1, '2021-09-22 09:09:55', '2021-09-29 16:10:25', 1),
(500, 1, 74, 1, '2021-09-28 15:48:35', '2021-09-29 16:15:53', 1),
(501, 1, 157, 2, '2021-10-08 16:41:58', '2021-10-08 16:42:08', 1),
(502, 1, 89, 1, '2021-09-30 09:58:20', '2021-10-13 15:24:07', 1),
(503, 1, 105, 1, '2021-09-30 10:00:30', '2021-10-09 08:17:58', 1),
(504, 1, 147, 1, '2021-09-30 10:00:42', '2021-10-09 08:20:46', 1),
(505, 1, 164, 1, '2021-09-30 10:00:51', '2021-10-08 16:41:18', 1),
(506, 1, 405, 1, '2021-09-29 09:27:23', '2021-09-30 16:24:06', 1),
(507, 1, 57, 2, '2021-10-01 09:25:12', '2021-10-13 15:23:48', 1),
(508, 1, 164, 1, '2021-10-01 09:11:32', '2021-10-13 15:24:17', 1),
(509, 1, 147, 1, '2021-10-01 09:25:32', '2021-10-16 08:20:17', 1),
(510, 1, 105, 1, '2021-09-30 10:00:30', '2021-10-02 14:42:55', 1),
(511, 1, 76, 1, '2021-09-09 10:36:53', '2021-10-02 14:43:19', 1),
(512, 1, 164, 2, '2021-10-06 09:11:46', '2021-10-08 16:41:11', 1),
(513, 1, 147, 1, '2021-10-06 09:12:07', '2021-10-16 08:20:21', 1),
(514, 1, 141, 1, '2021-10-06 09:12:41', '2021-10-16 08:18:57', 1),
(515, 1, 89, 1, '2021-10-06 09:12:51', '2021-10-09 08:19:47', 1),
(516, 1, 57, 1, '2021-10-06 09:13:06', '2021-10-21 16:46:22', 1),
(517, 1, 96, 2, '2021-10-07 09:04:21', '2021-10-13 15:23:12', 1),
(519, 1, 228, 6, '2021-10-13 15:21:31', '2021-10-13 15:21:48', 1),
(520, 1, 236, 1, '2021-10-13 15:21:24', '2021-10-16 08:20:09', 1),
(521, 1, 105, 1, '2021-10-07 09:06:49', '2021-10-09 08:18:04', 1),
(522, 1, 381, 1, '2021-10-08 15:38:27', '2021-10-21 16:46:38', 1),
(523, 1, 57, 7, '2021-10-01 09:25:12', '2021-10-08 16:33:46', 1),
(524, 1, 228, 1, '2021-10-07 09:06:06', '2021-10-09 08:16:20', 1),
(525, 1, 256, 1, '2021-09-29 09:36:45', '2021-10-09 08:18:50', 1),
(526, 1, 236, 4, '2021-10-13 15:21:24', '2021-10-13 15:22:18', 1),
(527, 1, 258, 5, '2021-10-07 09:04:41', '2021-10-13 15:22:44', 1),
(528, 1, 147, 2, '2021-10-14 08:38:30', '2021-10-21 16:46:52', 1),
(529, 1, 141, 1, '2021-10-14 08:42:13', '2021-10-16 08:20:00', 1),
(530, 1, 157, 1, '2021-10-14 08:42:27', '2021-10-23 08:31:32', 1),
(531, 1, 164, 1, '2021-10-14 08:42:47', '2021-10-21 16:46:30', 1),
(532, 1, 89, 1, '2021-10-14 08:43:02', '2021-10-23 08:31:37', 1),
(533, 1, 233, 1, '2021-10-19 08:58:22', '2021-10-27 16:13:30', 1),
(534, 1, 46, 1, '2021-10-19 08:58:40', '2021-10-30 14:45:23', 1),
(535, 1, 76, 1, '2021-10-19 08:59:33', '2021-10-27 16:01:51', 1),
(536, 1, 154, 1, '2021-10-19 08:59:48', '2021-10-21 16:46:06', 1),
(537, 1, 409, 1, '2021-10-20 13:17:32', '2021-10-30 14:45:29', 1),
(538, 1, 141, 2, '2021-10-20 11:42:44', '2021-10-23 08:32:07', 1),
(539, 1, 154, 1, '2021-10-20 11:43:05', '2021-10-27 16:39:44', 1),
(540, 1, 113, 1, '2021-10-20 11:43:20', '2021-10-30 14:45:37', 1),
(541, 1, 123, 1, '2021-10-20 11:43:31', '2021-10-27 16:39:02', 1),
(542, 1, 148, 1, '2021-10-20 11:43:41', '2021-10-30 14:45:41', 1),
(543, 1, 209, 1, '2021-10-20 13:17:47', '2021-10-27 16:22:51', 1),
(544, 1, 76, 2, '2021-10-19 08:59:33', '2021-10-21 16:45:09', 1),
(545, 1, 89, 3, '2021-10-14 08:43:02', '2021-10-21 16:45:47', 1),
(546, 1, 233, 4, '2021-10-19 08:58:22', '2021-10-23 08:31:55', 1),
(547, 1, 410, 1, '2021-10-23 08:42:53', '2021-10-30 14:44:44', 1),
(548, 1, 236, 1, '2021-10-23 08:43:09', '2021-11-03 15:26:59', 1),
(549, 1, 45, 3, '2021-10-26 09:16:45', '2021-10-30 14:45:17', 1),
(550, 1, 412, 1, '2021-10-26 09:21:52', '2021-10-27 15:29:59', 1),
(551, 1, 411, 1, '2021-10-26 09:22:00', '2021-10-27 16:35:02', 1),
(552, 1, 413, 1, '2021-10-26 09:23:22', '2021-11-03 15:27:04', 1),
(553, 1, 236, 1, '2021-10-26 09:24:21', '2021-11-03 15:27:13', 1),
(554, 1, 166, 1, '2021-10-26 09:24:36', '2021-10-30 14:45:07', 1),
(555, 1, 109, 1, '2021-10-26 09:27:54', '2021-10-28 10:54:46', 1),
(556, 1, 369, 1, '2021-10-27 08:59:44', '2021-10-30 14:45:01', 1),
(557, 1, 76, 1, '2021-10-27 09:00:05', '2021-11-08 13:52:47', 1),
(558, 1, 228, 1, '2021-10-27 09:00:23', '2021-11-08 13:52:53', 1),
(559, 1, 96, 2, '2021-10-27 09:00:39', '2021-11-03 15:22:48', 1),
(560, 1, 156, 1, '2021-10-27 09:00:55', '2021-11-05 16:26:16', 1),
(561, 1, 113, 1, '2021-10-27 09:01:10', '2021-11-03 15:23:27', 1),
(562, 1, 233, 1, '2021-10-19 08:58:22', '2021-10-27 15:57:16', 1),
(563, 1, 409, 1, '2021-10-20 13:17:32', '2021-10-27 16:00:33', 1),
(564, 1, 46, 1, '2021-10-19 08:58:40', '2021-10-27 16:14:29', 1),
(565, 1, 46, 1, '2021-10-19 08:58:40', '2021-10-27 16:25:16', 1),
(566, 1, 46, 1, '2021-10-19 08:58:40', '2021-10-27 16:31:29', 1),
(567, 1, 45, 1, '2021-10-26 09:16:45', '2021-10-27 16:35:54', 1),
(568, 1, 76, 1, '2021-11-01 08:29:16', '2021-11-08 13:52:58', 1),
(569, 1, 134, 1, '2021-11-01 08:29:28', '2021-11-08 13:53:01', 1),
(570, 1, 113, 1, '2021-11-01 08:29:47', '2021-11-03 15:23:33', 1),
(571, 1, 304, 2, '2021-11-01 08:30:00', '2021-11-03 15:22:31', 1),
(572, 1, 236, 1, '2021-11-01 08:30:08', '2021-11-08 13:53:04', 1),
(573, 1, 96, 4, '2021-11-03 11:42:06', '2021-11-05 16:26:06', 1),
(574, 1, 58, 1, '2021-11-03 11:41:01', '2021-11-05 16:26:34', 1),
(575, 1, 129, 1, '2021-11-03 11:41:31', '2021-11-11 14:10:39', 1),
(576, 1, 414, 1, '2021-11-03 11:46:13', '2021-11-08 13:52:36', 1),
(577, 1, 123, 1, '2021-11-03 11:46:26', '2021-11-11 14:10:32', 1),
(578, 1, 130, 1, '2021-11-03 11:46:38', '2021-11-11 14:11:18', 1),
(579, 1, 134, 1, '2021-11-01 08:29:28', '2021-11-03 15:23:52', 1),
(580, 1, 58, 1, '2021-11-03 11:41:01', '2021-11-03 15:24:10', 1),
(581, 1, 408, 1, '2021-11-04 10:39:14', '2021-11-12 16:42:18', 1),
(582, 1, 305, 1, '2021-11-04 10:39:29', '2021-11-12 16:42:28', 1),
(583, 1, 148, 1, '2021-11-04 10:39:38', '2021-11-11 14:09:09', 1),
(584, 1, 58, 2, '2021-11-04 10:39:45', '2021-11-05 16:26:02', 1),
(585, 1, 222, 1, '2021-11-04 10:39:54', '2021-11-12 16:42:32', 1),
(586, 1, 225, 1, '2021-11-09 09:05:03', '2021-11-17 09:49:42', 1),
(587, 1, 96, 1, '2021-11-09 09:05:13', '2021-11-11 14:09:29', 1),
(588, 1, 415, 1, '2021-11-09 09:06:04', '2021-11-12 16:42:24', 1),
(589, 1, 373, 1, '2021-11-09 09:06:13', '2021-11-12 16:40:11', 1),
(590, 1, 166, 1, '2021-11-10 09:08:03', '2021-11-12 16:40:02', 1),
(591, 1, 413, 1, '2021-11-10 09:08:15', '2021-11-16 10:39:15', 1),
(592, 1, 416, 1, '2021-11-11 14:05:51', '2021-11-16 10:37:40', 1),
(593, 1, 340, 1, '2021-11-10 09:09:14', '2021-11-12 16:40:46', 1),
(594, 1, 159, 1, '2021-11-10 09:09:25', '2021-11-16 10:38:11', 1),
(595, 1, 107, 1, '2021-11-12 16:33:09', '2021-11-12 16:42:06', 1),
(596, 1, 123, 2, '2021-11-11 09:05:02', '2021-11-17 09:50:07', 1),
(597, 1, 112, 2, '2021-11-12 16:32:56', '2021-11-12 16:40:27', 1),
(598, 1, 89, 1, '2021-11-11 09:05:35', '2021-11-17 09:50:26', 1),
(599, 1, 228, 1, '2021-11-11 09:05:47', '2021-11-17 09:50:30', 1),
(600, 1, 46, 1, '2021-11-13 09:06:50', '2021-11-17 09:49:36', 1),
(601, 1, 228, 1, '2021-11-13 09:06:58', '2021-11-27 11:01:09', 1),
(602, 1, 96, 1, '2021-11-13 09:07:08', '2021-11-23 09:46:40', 1),
(603, 1, 417, 1, '2021-11-13 09:13:55', '2021-11-27 11:01:15', 1),
(604, 1, 321, 2, '2021-11-17 09:03:34', '2021-11-27 11:01:31', 1),
(605, 1, 41, 4, '2021-11-17 09:03:51', '2021-11-19 15:14:37', 1),
(606, 1, 143, 1, '2021-11-17 09:04:04', '2021-11-27 11:01:37', 1),
(607, 1, 107, 1, '2021-11-17 09:04:42', '2021-11-23 09:48:14', 1),
(608, 1, 89, 2, '2021-11-11 09:05:35', '2021-11-17 09:50:21', 1),
(611, 1, 419, 8, '2021-11-18 09:12:21', '2021-11-23 09:42:07', 1),
(612, 1, 107, 1, '2021-11-18 09:12:34', '2021-11-30 09:41:49', 1),
(613, 1, 165, 1, '2021-11-18 09:12:42', '2021-11-30 09:41:56', 1),
(614, 1, 96, 1, '2021-11-23 09:42:22', '2021-11-24 09:15:41', 1),
(615, 1, 314, 1, '2021-11-20 08:05:29', '2021-11-27 11:03:37', 1),
(616, 1, 41, 1, '2021-11-20 08:05:42', '2021-12-07 09:34:16', 1),
(617, 1, 150, 1, '2021-11-20 08:05:51', '2021-12-07 09:34:21', 1),
(618, 1, 106, 1, '2021-11-20 08:06:00', '2021-12-07 09:34:24', 1),
(619, 1, 158, 1, '2021-11-20 08:06:11', '2021-12-07 09:34:31', 1),
(620, 1, 148, 1, '2021-11-20 08:06:22', '2021-12-07 09:34:36', 1),
(621, 1, 340, 2, '2021-11-24 10:36:54', '2021-11-27 11:01:56', 1),
(622, 1, 347, 1, '2021-11-24 09:16:44', '2021-11-30 11:23:25', 1),
(623, 1, 134, 1, '2021-11-24 09:16:53', '2021-11-27 11:02:02', 1),
(624, 1, 420, 1, '2021-11-25 09:20:55', '2021-11-30 13:55:40', 1),
(625, 1, 165, 1, '2021-11-25 09:21:10', '2021-12-07 09:34:40', 1),
(626, 1, 141, 2, '2021-11-25 09:21:25', '2021-11-27 11:02:29', 1),
(627, 1, 421, 1, '2021-11-25 09:26:24', '2021-11-27 11:02:11', 1),
(628, 1, 324, 1, '2021-11-26 08:39:07', '2021-11-30 09:38:27', 1),
(629, 1, 420, 1, '2021-11-26 08:39:19', '2021-11-30 17:18:32', 1),
(630, 1, 87, 1, '2021-11-26 08:39:38', '2021-11-30 13:54:29', 1),
(631, 1, 422, 1, '2021-11-26 08:41:53', '2021-11-30 17:18:41', 1),
(632, 1, 76, 2, '2021-11-27 10:14:38', '2021-11-30 13:54:37', 1),
(633, 1, 74, 2, '2021-11-27 10:14:46', '2021-11-30 13:55:09', 1),
(634, 1, 95, 1, '2021-11-27 10:15:01', '2021-11-30 09:41:34', 1),
(635, 1, 423, 1, '2021-11-27 10:16:04', '2021-11-30 17:18:50', 1),
(636, 1, 44, 1, '2021-11-27 10:16:16', '2021-12-07 09:34:47', 1),
(637, 1, 123, 1, '2021-11-30 09:32:29', '2021-12-10 11:12:13', 1),
(638, 1, 46, 2, '2021-11-30 09:32:58', '2021-12-07 10:11:11', 1),
(639, 1, 113, 1, '2021-11-30 09:33:11', '2021-12-07 10:11:23', 1),
(640, 1, 105, 2, '2021-11-30 09:33:30', '2021-12-10 11:12:34', 1),
(641, 1, 141, 2, '2021-11-30 09:34:46', '2021-12-07 10:10:09', 1),
(642, 1, 124, 1, '2021-11-30 09:34:59', '2021-12-07 10:11:33', 1),
(643, 1, 225, 1, '2021-11-30 09:35:16', '2021-12-07 10:10:40', 1),
(644, 1, 96, 2, '2021-11-30 09:35:44', '2021-12-10 11:12:50', 1),
(645, 1, 76, 2, '2021-11-30 09:35:57', '2021-12-10 11:15:14', 1),
(646, 1, 143, 1, '2021-11-30 09:36:16', '2021-12-07 10:10:56', 1),
(647, 1, 113, 1, '2021-11-30 09:36:36', '2021-12-07 10:11:40', 1),
(648, 1, 132, 1, '2021-11-30 09:36:45', '2021-12-10 11:15:20', 1),
(649, 1, 76, 2, '2021-11-27 10:14:38', '2021-11-30 09:38:46', 1),
(650, 1, 87, 1, '2021-11-26 08:39:38', '2021-11-30 09:39:31', 1),
(652, 1, 425, 1, '2021-12-04 14:12:56', '2021-12-06 09:36:48', 1),
(653, 1, 426, 1, '2021-12-04 14:24:42', '2021-12-06 09:37:04', 1),
(654, 1, 424, 1, '2021-12-04 14:25:30', '2021-12-06 09:37:08', 1),
(655, 1, 418, 1, '2021-12-04 14:25:44', '2021-12-06 09:36:59', 1),
(656, 1, 385, 1, '2021-12-04 14:25:55', '2021-12-06 09:36:55', 1),
(657, 1, 384, 1, '2021-12-04 14:26:09', '2021-12-06 09:36:52', 1),
(658, 1, 112, 2, '2021-12-06 08:55:19', '2021-12-14 08:54:48', 1),
(659, 1, 348, 1, '2021-12-06 08:55:49', '2021-12-14 08:54:52', 1),
(660, 1, 427, 1, '2021-12-06 08:59:24', '2021-12-14 09:50:42', 1),
(661, 1, 428, 1, '2021-12-06 09:01:17', '2021-12-14 08:54:45', 1),
(663, 1, 340, 1, '2021-12-07 09:04:29', '2021-12-14 08:54:57', 1),
(664, 1, 429, 1, '2021-12-07 09:04:36', '2021-12-14 08:54:40', 1),
(665, 1, 430, 1, '2021-12-07 09:04:45', '2021-12-14 08:54:34', 1),
(666, 1, 105, 1, '2021-12-07 09:04:54', '2021-12-10 11:15:59', 1),
(667, 1, 113, 2, '2021-12-08 10:06:11', '2021-12-14 09:47:11', 1),
(668, 1, 420, 1, '2021-12-08 10:06:37', '2021-12-14 09:47:03', 1),
(669, 1, 427, 1, '2021-12-08 10:07:43', '2021-12-14 09:50:39', 1),
(670, 1, 105, 1, '2021-12-08 10:08:02', '2021-12-10 11:15:40', 1),
(671, 1, 132, 1, '2021-12-08 10:08:18', '2021-12-17 09:50:28', 1),
(672, 1, 76, 1, '2021-12-08 10:08:28', '2021-12-10 11:12:58', 1),
(673, 1, 123, 1, '2021-12-08 10:08:45', '2021-12-20 14:20:30', 1),
(674, 1, 276, 1, '2021-12-08 10:08:58', '2021-12-20 14:20:35', 1),
(675, 1, 96, 1, '2021-12-09 08:49:33', '2021-12-10 11:15:50', 1),
(676, 1, 44, 1, '2021-12-09 08:49:45', '2021-12-10 11:15:46', 1),
(677, 1, 417, 1, '2021-12-09 08:50:59', '2021-12-17 15:28:18', 1),
(678, 1, 113, 2, '2021-12-08 10:06:11', '2021-12-10 11:30:10', 1),
(679, 1, 420, 2, '2021-12-08 10:06:37', '2021-12-14 08:55:36', 1),
(680, 1, 150, 1, '2021-12-15 09:31:09', '2021-12-17 09:50:02', 1),
(681, 1, 321, 1, '2021-12-15 09:31:18', '2021-12-20 14:20:39', 1),
(682, 1, 132, 1, '2021-12-15 09:31:50', '2021-12-20 14:20:43', 1),
(683, 1, 314, 1, '2021-12-15 09:32:00', '2021-12-20 14:20:50', 1),
(684, 1, 57, 1, '2021-12-15 09:32:13', NULL, 0),
(685, 1, 431, 1, '2021-12-16 09:20:16', '2021-12-17 15:28:13', 1),
(686, 1, 89, 2, '2021-12-16 09:20:34', '2021-12-18 08:34:41', 1),
(687, 1, 225, 1, '2021-12-16 09:20:48', NULL, 0),
(688, 1, 432, 1, '2021-12-16 09:21:42', '2021-12-21 10:00:26', 1),
(689, 1, 433, 1, '2021-12-16 09:25:40', '2021-12-20 14:20:26', 1),
(690, 1, 321, 2, '2021-12-17 08:54:27', '2021-12-20 14:21:05', 1),
(691, 1, 134, 1, '2021-12-17 08:54:40', '2021-12-20 14:20:58', 1),
(692, 1, 434, 1, '2021-12-17 08:55:36', '2021-12-23 16:11:06', 1),
(693, 1, 141, 1, '2021-12-17 10:11:38', '2021-12-20 14:21:29', 1),
(694, 1, 165, 1, '2021-12-18 08:35:07', '2021-12-20 14:21:23', 1),
(695, 1, 113, 3, '2021-12-18 08:35:16', '2021-12-20 14:21:15', 1),
(696, 1, 76, 1, '2021-12-18 08:35:25', '2021-12-20 17:06:59', 1),
(697, 1, 124, 1, '2021-12-18 08:35:38', '2021-12-20 14:20:08', 1),
(698, 1, 150, 1, '2021-12-18 08:35:49', '2021-12-20 14:20:13', 1),
(699, 1, 435, 1, '2021-12-20 11:03:39', NULL, 0),
(700, 1, 228, 1, '2021-12-24 09:00:45', NULL, 0),
(701, 1, 225, 1, '2021-12-24 09:00:53', NULL, 0),
(702, 1, 176, 1, '2021-12-24 09:01:01', '2021-12-28 14:06:29', 1),
(703, 1, 437, 1, '2021-12-24 09:01:35', '2021-12-27 08:31:59', 1),
(704, 1, 395, 1, '2021-12-25 08:48:29', '2021-12-28 14:06:46', 1),
(705, 1, 438, 1, '2021-12-25 08:49:29', '2021-12-28 14:06:52', 1),
(706, 1, 379, 1, '2021-12-27 08:16:17', '2021-12-28 14:06:40', 1),
(707, 1, 439, 1, '2021-12-27 08:17:08', '2021-12-28 14:06:35', 1),
(708, 1, 278, 4, '2021-12-28 09:08:13', NULL, 0),
(709, 1, 150, 1, '2021-12-28 09:08:42', NULL, 0),
(710, 1, 57, 2, '2021-12-28 09:08:50', NULL, 0),
(711, 1, 440, 1, '2021-12-28 09:10:39', '2022-01-03 08:52:22', 1),
(712, 1, 441, 1, '2021-12-28 09:11:01', NULL, 0),
(713, 1, 134, 1, '2021-12-29 09:30:46', NULL, 0),
(714, 1, 123, 4, '2021-12-29 09:30:56', NULL, 0),
(715, 1, 96, 2, '2021-12-29 09:31:06', NULL, 0),
(716, 1, 46, 2, '2021-12-29 09:31:15', NULL, 0);

-- --------------------------------------------------------

--
-- Struktur dari tabel `shelf`
--

CREATE TABLE `shelf` (
  `shelf_id` bigint(255) NOT NULL,
  `warehouse_id` bigint(255) NOT NULL,
  `shelf_name` varchar(255) NOT NULL
) ENGINE=InnoDB DEFAULT CHARSET=utf8mb4;

--
-- Dumping data untuk tabel `shelf`
--

INSERT INTO `shelf` (`shelf_id`, `warehouse_id`, `shelf_name`) VALUES
(7, 1, 'GUDANG 1'),
(10, 3, 'GUDANG 1');

-- --------------------------------------------------------

--
-- Struktur dari tabel `stock`
--

CREATE TABLE `stock` (
  `stock_id` bigint(255) NOT NULL,
  `warehouse_id` bigint(255) NOT NULL DEFAULT 1,
  `user_id` bigint(255) NOT NULL,
  `shelf_id` bigint(255) NOT NULL,
  `product_id` bigint(255) NOT NULL,
  `product_amount` bigint(255) NOT NULL DEFAULT 0,
  `type` int(1) NOT NULL DEFAULT 1 COMMENT '0 = OUT; 1 = IN',
  `datetime` datetime NOT NULL DEFAULT current_timestamp(),
  `ending_amount` bigint(255) NOT NULL DEFAULT 0
) ENGINE=InnoDB DEFAULT CHARSET=utf8mb4;

--
-- Dumping data untuk tabel `stock`
--

INSERT INTO `stock` (`stock_id`, `warehouse_id`, `user_id`, `shelf_id`, `product_id`, `product_amount`, `type`, `datetime`, `ending_amount`) VALUES
(44, 1, 6, 7, 194, 2, 1, '2021-03-09 08:35:02', 2),
(45, 1, 6, 7, 193, 1, 1, '2021-03-09 08:36:09', 1),
(46, 1, 6, 7, 259, 2, 1, '2021-03-09 08:38:26', 2),
(47, 1, 6, 7, 243, 3, 1, '2021-03-09 08:38:54', 3),
(48, 1, 6, 7, 260, 1, 1, '2021-03-09 08:39:39', 1),
(49, 1, 6, 7, 271, 1, 1, '2021-03-09 08:40:17', 1),
(50, 1, 6, 7, 249, 1, 1, '2021-03-09 08:40:29', 1),
(51, 1, 6, 7, 222, 5, 1, '2021-03-09 08:41:00', 5),
(52, 1, 6, 7, 232, 2, 1, '2021-03-09 08:42:47', 2),
(53, 1, 6, 7, 231, 4, 1, '2021-03-09 08:43:08', 4),
(54, 1, 6, 7, 236, 1, 1, '2021-03-09 08:43:22', 1),
(55, 1, 6, 7, 227, 2, 1, '2021-03-09 08:43:57', 2),
(56, 1, 6, 7, 226, 2, 1, '2021-03-09 08:45:41', 2),
(57, 1, 6, 7, 35, 2, 1, '2021-03-09 08:46:22', 2),
(58, 1, 6, 7, 36, 4, 1, '2021-03-09 08:47:18', 4),
(59, 1, 1, 7, 80, 1, 1, '2021-03-09 08:47:45', 1),
(60, 1, 6, 7, 44, 1, 1, '2021-03-09 08:48:19', 1),
(61, 1, 1, 7, 89, 7, 1, '2021-03-09 08:48:30', 7),
(62, 1, 1, 7, 87, 8, 1, '2021-03-09 08:49:01', 8),
(63, 1, 1, 7, 96, 1, 1, '2021-03-09 08:49:17', 1),
(64, 1, 6, 7, 37, 1, 1, '2021-03-09 08:49:42', 1),
(65, 1, 1, 7, 91, 1, 1, '2021-03-09 08:49:46', 1),
(66, 1, 6, 7, 41, 13, 1, '2021-03-09 08:50:21', 13),
(67, 1, 6, 7, 40, 1, 1, '2021-03-09 08:50:40', 1),
(68, 1, 1, 7, 95, 1, 1, '2021-03-09 08:51:04', 1),
(69, 1, 6, 7, 27, 4, 1, '2021-03-09 08:51:09', 4),
(70, 1, 1, 7, 74, 4, 1, '2021-03-09 08:51:29', 4),
(71, 1, 1, 7, 76, 14, 1, '2021-03-09 08:51:54', 14),
(72, 1, 1, 7, 57, 3, 1, '2021-03-09 08:52:14', 3),
(73, 1, 6, 7, 43, 1, 1, '2021-03-09 08:52:18', 1),
(74, 1, 1, 7, 58, 2, 1, '2021-03-09 08:52:49', 2),
(75, 1, 6, 7, 56, 2, 1, '2021-03-09 08:52:49', 2),
(76, 1, 1, 7, 68, 3, 1, '2021-03-09 08:53:13', 3),
(77, 1, 6, 7, 265, 3, 1, '2021-03-09 08:53:27', 3),
(78, 1, 1, 7, 44, 7, 1, '2021-03-09 08:53:43', 8),
(79, 1, 6, 7, 266, 2, 1, '2021-03-09 08:53:49', 2),
(80, 1, 6, 7, 239, 6, 1, '2021-03-09 08:54:09', 6),
(81, 1, 1, 7, 114, 1, 1, '2021-03-09 08:54:11', 1),
(82, 1, 1, 7, 112, 2, 1, '2021-03-09 08:54:34', 2),
(83, 1, 6, 7, 206, 1, 1, '2021-03-09 08:54:36', 1),
(84, 1, 6, 7, 207, 1, 1, '2021-03-09 08:54:48', 1),
(85, 1, 1, 7, 134, 1, 1, '2021-03-09 08:54:49', 1),
(86, 1, 1, 7, 121, 2, 1, '2021-03-09 08:55:05', 2),
(87, 1, 1, 7, 124, 1, 1, '2021-03-09 08:55:19', 1),
(88, 1, 6, 7, 238, 4, 1, '2021-03-09 08:55:29', 4),
(89, 1, 1, 7, 140, 1, 1, '2021-03-09 08:55:33', 1),
(90, 1, 6, 7, 262, 3, 1, '2021-03-09 08:55:51', 3),
(91, 1, 6, 7, 212, 1, 1, '2021-03-09 08:56:10', 1),
(92, 1, 1, 7, 59, 3, 1, '2021-03-09 08:56:13', 3),
(93, 1, 6, 7, 213, 12, 1, '2021-03-09 08:57:59', 12),
(94, 1, 6, 7, 263, 4, 1, '2021-03-09 08:58:23', 4),
(95, 1, 1, 7, 142, 1, 1, '2021-03-09 08:59:03', 1),
(96, 1, 6, 7, 219, 5, 1, '2021-03-09 08:59:17', 5),
(97, 1, 1, 7, 276, 1, 1, '2021-03-09 08:59:18', 1),
(98, 1, 1, 7, 275, 5, 1, '2021-03-09 08:59:36', 5),
(99, 1, 6, 7, 220, 3, 1, '2021-03-09 08:59:39', 3),
(100, 1, 1, 7, 274, 3, 1, '2021-03-09 08:59:57', 3),
(101, 1, 1, 7, 273, 1, 1, '2021-03-09 09:00:19', 1),
(102, 1, 6, 7, 26, 2, 1, '2021-03-09 09:02:35', 2),
(103, 1, 6, 7, 29, 1, 1, '2021-03-09 09:02:52', 1),
(104, 1, 6, 7, 40, 1, 1, '2021-03-09 09:03:08', 2),
(105, 1, 6, 7, 43, 2, 1, '2021-03-09 09:04:01', 3),
(106, 1, 6, 7, 45, 1, 1, '2021-03-09 09:04:45', 1),
(107, 1, 6, 7, 41, 3, 1, '2021-03-09 09:05:20', 16),
(108, 1, 6, 7, 42, 3, 1, '2021-03-09 09:06:07', 3),
(109, 1, 6, 7, 251, 1, 1, '2021-03-09 09:07:11', 1),
(110, 1, 6, 7, 250, 1, 1, '2021-03-09 09:07:42', 1),
(111, 1, 6, 7, 122, 1, 1, '2021-03-09 09:08:00', 1),
(112, 1, 6, 7, 67, 3, 1, '2021-03-09 09:08:54', 3),
(113, 1, 6, 7, 64, 3, 1, '2021-03-09 09:09:15', 3),
(114, 1, 6, 7, 133, 1, 1, '2021-03-09 09:09:38', 1),
(115, 1, 6, 7, 197, 1, 1, '2021-03-09 09:09:50', 1),
(116, 1, 6, 7, 277, 1, 1, '2021-03-10 02:43:48', 1),
(117, 1, 6, 7, 278, 2, 1, '2021-03-10 02:44:11', 2),
(118, 1, 6, 7, 279, 1, 1, '2021-03-10 02:45:57', 1),
(119, 1, 6, 7, 265, 3, 1, '2021-03-10 02:46:15', 6),
(120, 1, 6, 7, 281, 1, 1, '2021-03-10 02:46:39', 1),
(121, 1, 6, 7, 282, 1, 1, '2021-03-10 02:47:01', 1),
(122, 1, 6, 7, 283, 1, 1, '2021-03-10 02:47:15', 1),
(123, 1, 6, 7, 284, 2, 1, '2021-03-10 02:47:38', 2),
(124, 1, 6, 7, 275, 4, 1, '2021-03-10 02:48:09', 9),
(125, 1, 6, 7, 286, 1, 1, '2021-03-10 02:48:50', 1),
(126, 1, 6, 7, 287, 1, 1, '2021-03-10 02:49:03', 1),
(127, 1, 6, 7, 288, 1, 1, '2021-03-10 02:49:24', 1),
(128, 1, 6, 7, 289, 1, 1, '2021-03-10 02:49:38', 1),
(129, 1, 6, 7, 290, 1, 1, '2021-03-10 02:49:56', 1),
(130, 1, 6, 7, 41, 2, 1, '2021-03-10 02:50:20', 18),
(131, 1, 6, 7, 52, 2, 1, '2021-03-10 02:51:25', 2),
(132, 1, 6, 7, 211, 1, 1, '2021-03-10 02:51:41', 1),
(133, 1, 1, 7, 158, 1, 1, '2021-03-10 02:51:49', 1),
(134, 1, 6, 7, 241, 2, 1, '2021-03-10 02:52:21', 2),
(135, 1, 1, 7, 130, 1, 1, '2021-03-10 02:52:38', 1),
(136, 1, 1, 7, 134, 1, 1, '2021-03-10 02:52:55', 2),
(137, 1, 1, 7, 164, 1, 1, '2021-03-10 02:53:10', 1),
(138, 1, 1, 7, 112, 2, 1, '2021-03-10 02:54:38', 4),
(139, 1, 1, 7, 141, 1, 1, '2021-03-10 02:55:17', 1),
(140, 1, 1, 7, 123, 1, 1, '2021-03-10 02:55:40', 1),
(141, 1, 1, 7, 113, 1, 1, '2021-03-10 02:55:56', 1),
(142, 1, 1, 7, 58, 1, 1, '2021-03-10 02:56:06', 3),
(143, 1, 1, 7, 74, 1, 1, '2021-03-10 02:56:20', 5),
(144, 1, 1, 7, 89, 1, 1, '2021-03-10 02:56:36', 8),
(145, 1, 1, 7, 35, 1, 1, '2021-03-10 02:56:56', 3),
(146, 1, 1, 7, 96, 1, 1, '2021-03-10 02:57:14', 2),
(147, 1, 1, 7, 113, 1, 1, '2021-03-10 02:57:28', 2),
(148, 1, 6, 7, 291, 3, 1, '2021-03-10 02:57:38', 3),
(149, 1, 1, 7, 150, 1, 1, '2021-03-10 02:57:47', 1),
(150, 1, 1, 7, 165, 1, 1, '2021-03-10 02:58:06', 1),
(151, 1, 6, 7, 292, 2, 1, '2021-03-10 02:58:09', 2),
(152, 1, 1, 7, 155, 2, 1, '2021-03-10 02:58:20', 2),
(153, 1, 6, 7, 293, 2, 1, '2021-03-10 02:58:21', 2),
(154, 1, 6, 7, 294, 1, 1, '2021-03-10 02:58:35', 1),
(155, 1, 6, 7, 295, 2, 1, '2021-03-10 02:58:48', 2),
(156, 1, 1, 7, 74, 5, 1, '2021-03-10 02:59:33', 10),
(157, 1, 1, 7, 134, 1, 1, '2021-03-10 03:04:34', 3),
(158, 1, 6, 7, 105, 2, 1, '2021-03-10 03:06:05', 2),
(159, 1, 1, 7, 149, 1, 1, '2021-03-10 03:06:29', 1),
(160, 1, 6, 7, 124, 1, 1, '2021-03-10 03:06:34', 2),
(161, 1, 1, 7, 123, 1, 1, '2021-03-10 03:06:43', 2),
(162, 1, 6, 7, 132, 2, 1, '2021-03-10 03:07:12', 2),
(163, 1, 1, 7, 134, 1, 1, '2021-03-10 03:07:13', 4),
(164, 1, 6, 7, 113, 1, 1, '2021-03-10 03:07:46', 3),
(165, 1, 1, 7, 126, 1, 1, '2021-03-10 03:07:52', 1),
(166, 1, 1, 7, 35, 1, 1, '2021-03-10 03:09:36', 4),
(167, 1, 1, 7, 112, 1, 1, '2021-03-10 03:09:48', 5),
(168, 1, 1, 7, 132, 1, 1, '2021-03-10 03:10:01', 3),
(169, 1, 1, 7, 138, 1, 1, '2021-03-10 03:10:11', 1),
(170, 1, 1, 7, 222, 1, 1, '2021-03-10 03:10:28', 6),
(171, 1, 1, 7, 222, 2, 1, '2021-03-10 03:10:40', 8),
(172, 1, 6, 7, 149, 1, 1, '2021-03-10 03:11:19', 2),
(173, 1, 6, 7, 111, 1, 1, '2021-03-10 03:12:04', 1),
(174, 1, 6, 7, 274, 4, 1, '2021-03-10 03:12:47', 7),
(175, 1, 6, 7, 96, 2, 1, '2021-03-10 03:13:59', 4),
(176, 1, 6, 7, 95, 4, 1, '2021-03-10 03:14:20', 5),
(177, 1, 6, 7, 94, 3, 1, '2021-03-10 03:14:37', 3),
(178, 1, 6, 7, 87, 2, 1, '2021-03-10 03:14:59', 10),
(179, 1, 6, 7, 74, 3, 1, '2021-03-10 03:15:52', 13),
(180, 1, 6, 7, 76, 1, 1, '2021-03-10 03:16:07', 15),
(181, 1, 1, 7, 46, 2, 1, '2021-03-10 03:16:12', 2),
(182, 1, 6, 7, 58, 2, 1, '2021-03-10 03:16:33', 5),
(183, 1, 1, 7, 74, 1, 1, '2021-03-10 03:16:44', 14),
(184, 1, 6, 7, 72, 1, 1, '2021-03-10 03:16:55', 1),
(185, 1, 1, 7, 57, 2, 1, '2021-03-10 03:17:07', 5),
(186, 1, 6, 7, 57, 1, 1, '2021-03-10 03:17:09', 6),
(187, 1, 1, 7, 72, 1, 1, '2021-03-10 03:17:21', 2),
(188, 1, 6, 7, 46, 1, 1, '2021-03-10 03:17:26', 3),
(189, 1, 1, 7, 57, 1, 1, '2021-03-10 03:17:32', 7),
(190, 1, 1, 7, 74, 1, 1, '2021-03-10 03:17:51', 15),
(191, 1, 1, 7, 89, 1, 1, '2021-03-10 03:18:01', 9),
(192, 1, 6, 7, 165, 2, 1, '2021-03-10 03:18:02', 3),
(193, 1, 1, 7, 89, 1, 1, '2021-03-10 03:18:13', 10),
(194, 1, 6, 7, 130, 1, 1, '2021-03-10 03:18:16', 2),
(195, 1, 1, 7, 87, 1, 1, '2021-03-10 03:18:29', 11),
(196, 1, 1, 7, 96, 1, 1, '2021-03-10 03:18:39', 5),
(197, 1, 1, 7, 124, 1, 1, '2021-03-10 03:18:49', 3),
(198, 1, 6, 7, 130, 1, 1, '2021-03-10 03:18:58', 3),
(199, 1, 1, 7, 121, 1, 1, '2021-03-10 03:19:01', 3),
(200, 1, 1, 7, 114, 1, 1, '2021-03-10 03:19:12', 2),
(201, 1, 6, 7, 123, 1, 1, '2021-03-10 03:19:16', 3),
(202, 1, 1, 7, 115, 1, 1, '2021-03-10 03:19:23', 1),
(203, 1, 6, 7, 155, 1, 1, '2021-03-10 03:19:32', 3),
(204, 1, 6, 7, 143, 1, 1, '2021-03-10 03:19:44', 1),
(205, 1, 1, 7, 222, 1, 1, '2021-03-10 03:20:12', 9),
(206, 1, 1, 7, 113, 1, 1, '2021-03-10 03:20:24', 4),
(207, 1, 1, 7, 222, 1, 1, '2021-03-10 03:20:34', 10),
(208, 1, 1, 7, 89, 1, 1, '2021-03-10 03:20:48', 11),
(209, 1, 6, 7, 296, 1, 1, '2021-03-10 03:26:08', 1),
(210, 1, 6, 7, 297, 2, 1, '2021-03-10 03:26:32', 2),
(211, 1, 6, 7, 298, 1, 1, '2021-03-10 03:26:43', 1),
(212, 1, 6, 7, 299, 1, 1, '2021-03-10 03:26:59', 1),
(213, 1, 6, 7, 300, 1, 1, '2021-03-10 03:27:11', 1),
(214, 1, 6, 7, 302, 2, 1, '2021-03-10 03:27:28', 2),
(215, 1, 6, 7, 303, 2, 1, '2021-03-10 03:27:44', 2),
(216, 1, 1, 7, 310, 1, 1, '2021-03-10 03:29:11', 1),
(217, 1, 1, 7, 309, 2, 1, '2021-03-10 03:29:25', 2),
(218, 1, 1, 7, 145, 1, 1, '2021-03-10 03:29:48', 1),
(220, 1, 1, 7, 307, 2, 1, '2021-03-10 03:30:20', 2),
(221, 1, 1, 7, 306, 3, 1, '2021-03-10 03:30:33', 3),
(222, 1, 1, 7, 305, 1, 1, '2021-03-10 03:30:52', 1),
(223, 1, 1, 7, 304, 1, 1, '2021-03-10 03:31:11', 1),
(224, 1, 1, 7, 301, 1, 1, '2021-03-10 03:31:22', 1),
(225, 1, 1, 7, 295, 1, 1, '2021-03-10 03:49:38', 3),
(226, 1, 6, 7, 134, 1, 1, '2021-03-11 09:36:31', 5),
(227, 1, 6, 7, 222, 1, 1, '2021-03-11 09:37:10', 11),
(230, 1, 6, 7, 276, 1, 1, '2021-03-12 08:44:34', 2),
(231, 1, 6, 7, 130, 1, 1, '2021-03-12 08:44:57', 4),
(232, 1, 6, 7, 158, 1, 1, '2021-03-12 08:45:16', 2),
(233, 1, 6, 7, 130, 1, 1, '2021-03-12 08:45:26', 5),
(234, 1, 6, 7, 276, 1, 0, '2021-03-12 08:47:38', 1),
(235, 1, 6, 7, 130, 1, 0, '2021-03-12 08:47:59', 4),
(236, 1, 6, 7, 158, 1, 0, '2021-03-12 08:48:08', 1),
(237, 1, 6, 7, 130, 1, 0, '2021-03-12 08:48:19', 3),
(238, 1, 8, 7, 313, 1, 1, '2021-03-12 09:58:39', 1),
(239, 1, 8, 7, 313, 1, 0, '2021-03-12 09:59:05', 0),
(252, 1, 8, 7, 317, 1, 1, '2021-03-16 13:40:51', 1),
(253, 1, 6, 7, 96, 1, 1, '2021-03-17 16:25:52', 6),
(254, 1, 6, 7, 316, 1, 1, '2021-03-17 16:27:21', 1),
(255, 1, 6, 7, 124, 1, 1, '2021-03-17 16:27:41', 4),
(256, 1, 6, 7, 89, 1, 1, '2021-03-17 16:30:31', 12),
(257, 1, 6, 7, 89, 1, 1, '2021-03-17 16:30:49', 13),
(258, 1, 6, 7, 105, 1, 1, '2021-03-17 16:31:02', 3),
(259, 1, 1, 7, 76, 1, 1, '2021-03-18 10:41:58', 16),
(260, 1, 1, 7, 58, 1, 1, '2021-03-18 10:42:06', 6),
(261, 1, 1, 7, 46, 2, 1, '2021-03-18 10:43:07', 5),
(262, 1, 1, 7, 46, 1, 0, '2021-03-18 10:43:59', 4),
(263, 1, 1, 7, 46, 1, 1, '2021-03-18 10:48:14', 5),
(264, 1, 1, 7, 76, 1, 1, '2021-03-18 10:52:49', 17),
(265, 1, 1, 7, 76, 2, 0, '2021-03-18 10:53:44', 15),
(266, 1, 1, 7, 46, 1, 0, '2021-03-18 10:56:44', 4),
(267, 1, 1, 7, 58, 1, 0, '2021-03-18 10:56:54', 5),
(268, 1, 1, 7, 155, 1, 1, '2021-03-18 11:05:02', 4),
(269, 1, 1, 7, 89, 1, 1, '2021-03-18 11:05:16', 14),
(270, 1, 1, 7, 105, 1, 1, '2021-03-18 11:05:30', 4),
(271, 1, 1, 7, 72, 1, 1, '2021-03-18 11:06:14', 3),
(272, 1, 1, 7, 105, 1, 1, '2021-03-18 11:06:29', 5),
(273, 1, 1, 7, 94, 1, 1, '2021-03-18 11:06:44', 4),
(274, 1, 1, 7, 76, 1, 1, '2021-03-18 11:06:56', 16),
(275, 1, 1, 7, 222, 1, 1, '2021-03-18 11:07:29', 12),
(276, 1, 1, 7, 89, 1, 1, '2021-03-18 11:07:50', 15),
(277, 1, 1, 7, 89, 1, 1, '2021-03-18 11:08:45', 16),
(278, 1, 1, 7, 76, 1, 1, '2021-03-18 11:09:07', 17),
(279, 1, 1, 7, 72, 1, 1, '2021-03-18 11:10:38', 4),
(280, 1, 1, 7, 105, 1, 1, '2021-03-18 11:10:56', 6),
(281, 1, 1, 7, 96, 1, 1, '2021-03-18 11:11:56', 7),
(282, 1, 1, 7, 187, 1, 1, '2021-03-18 11:13:09', 1),
(283, 1, 1, 7, 318, 1, 1, '2021-03-18 13:32:47', 1),
(284, 1, 1, 7, 74, 1, 1, '2021-03-18 13:36:34', 16),
(285, 1, 1, 7, 319, 1, 1, '2021-03-18 13:37:51', 1),
(286, 1, 6, 7, 149, 1, 0, '2021-03-18 13:40:00', 1),
(287, 1, 6, 7, 113, 1, 0, '2021-03-18 13:40:17', 3),
(288, 1, 6, 7, 211, 1, 0, '2021-03-18 13:40:34', 0),
(289, 1, 6, 7, 222, 2, 0, '2021-03-18 13:41:17', 10),
(290, 1, 6, 7, 114, 1, 0, '2021-03-18 13:41:37', 1),
(291, 1, 1, 7, 105, 1, 1, '2021-03-18 13:45:06', 7),
(292, 1, 1, 7, 105, 1, 0, '2021-03-18 13:46:40', 6),
(293, 1, 6, 7, 149, 1, 1, '2021-03-18 13:47:58', 2),
(294, 1, 6, 7, 150, 1, 0, '2021-03-18 13:48:41', 0),
(295, 1, 6, 7, 76, 1, 0, '2021-03-18 13:48:57', 16),
(296, 1, 6, 7, 52, 1, 1, '2021-03-19 16:31:27', 3),
(297, 1, 6, 7, 57, 1, 1, '2021-03-19 16:32:25', 8),
(298, 1, 6, 7, 129, 1, 1, '2021-03-20 09:12:08', 1),
(299, 1, 6, 7, 123, 1, 1, '2021-03-20 09:13:22', 4),
(300, 1, 6, 7, 320, 1, 1, '2021-03-20 09:23:00', 1),
(301, 1, 6, 7, 226, 1, 1, '2021-03-20 09:28:52', 3),
(302, 1, 6, 7, 89, 1, 1, '2021-03-20 09:31:29', 17),
(303, 1, 6, 7, 113, 1, 1, '2021-03-20 09:32:01', 4),
(304, 1, 6, 7, 58, 1, 1, '2021-03-20 09:34:23', 6),
(305, 1, 6, 7, 107, 1, 1, '2021-03-20 09:34:50', 1),
(306, 1, 6, 7, 321, 1, 1, '2021-03-20 09:37:24', 1),
(307, 1, 6, 7, 57, 1, 1, '2021-03-20 09:40:21', 9),
(308, 1, 6, 7, 87, 1, 1, '2021-03-20 09:43:38', 12),
(309, 1, 6, 7, 322, 1, 1, '2021-03-20 09:45:30', 1),
(310, 1, 6, 7, 322, 1, 0, '2021-03-20 09:59:23', 0),
(311, 1, 1, 7, 157, 1, 1, '2021-03-22 14:03:02', 1),
(312, 1, 1, 7, 209, 1, 1, '2021-03-22 14:07:07', 1),
(313, 1, 1, 7, 132, 1, 1, '2021-03-22 14:07:24', 4),
(314, 1, 1, 7, 76, 1, 1, '2021-03-22 14:08:34', 17),
(315, 1, 1, 7, 94, 1, 1, '2021-03-22 14:09:09', 5),
(316, 1, 1, 7, 52, 1, 1, '2021-03-22 14:09:34', 4),
(317, 1, 1, 7, 320, 1, 1, '2021-03-22 14:10:16', 2),
(318, 1, 1, 7, 57, 1, 1, '2021-03-22 14:10:27', 10),
(319, 1, 1, 7, 107, 1, 1, '2021-03-22 14:11:18', 2),
(320, 1, 1, 7, 58, 1, 1, '2021-03-22 14:11:33', 7),
(321, 1, 1, 7, 58, 1, 1, '2021-03-22 14:11:46', 8),
(322, 1, 1, 7, 46, 1, 1, '2021-03-22 14:12:37', 5),
(323, 1, 1, 7, 113, 1, 1, '2021-03-22 14:13:18', 5),
(324, 1, 1, 7, 57, 1, 1, '2021-03-22 14:13:38', 11),
(325, 1, 1, 7, 231, 1, 1, '2021-03-22 14:13:56', 5),
(326, 1, 1, 7, 58, 1, 1, '2021-03-22 14:14:14', 9),
(327, 1, 1, 7, 89, 1, 1, '2021-03-22 14:15:02', 18),
(328, 1, 1, 7, 76, 1, 1, '2021-03-22 14:15:25', 18),
(329, 1, 1, 7, 321, 1, 1, '2021-03-22 14:16:25', 2),
(330, 1, 1, 7, 309, 1, 1, '2021-03-22 14:17:53', 3),
(331, 1, 1, 7, 132, 1, 1, '2021-03-22 14:18:22', 5),
(332, 1, 1, 7, 123, 1, 1, '2021-03-22 16:27:42', 5),
(333, 1, 1, 7, 139, 1, 1, '2021-03-22 16:29:11', 1),
(334, 1, 6, 7, 123, 2, 0, '2021-03-23 14:03:46', 3),
(335, 1, 6, 7, 96, 1, 0, '2021-03-23 14:04:03', 6),
(336, 1, 9, 7, 132, 1, 1, '2021-03-24 09:17:51', 6),
(337, 1, 9, 7, 139, 1, 1, '2021-03-24 09:27:37', 2),
(338, 1, 9, 7, 139, 1, 0, '2021-03-24 09:28:23', 1),
(339, 1, 9, 7, 209, 1, 1, '2021-03-24 09:32:22', 2),
(340, 1, 9, 7, 322, 1, 1, '2021-03-24 09:33:15', 1),
(341, 1, 9, 7, 96, 1, 1, '2021-03-24 09:34:47', 7),
(342, 1, 9, 7, 58, 1, 1, '2021-03-24 09:37:05', 10),
(343, 1, 9, 7, 132, 1, 1, '2021-03-24 09:40:31', 7),
(344, 1, 9, 7, 139, 1, 1, '2021-03-24 09:54:50', 2),
(345, 1, 9, 7, 113, 1, 1, '2021-03-24 09:56:46', 6),
(346, 1, 9, 7, 130, 1, 1, '2021-03-24 09:57:49', 4),
(347, 1, 9, 7, 132, 1, 1, '2021-03-24 09:59:02', 8),
(348, 1, 9, 7, 105, 1, 1, '2021-03-24 10:15:43', 7),
(349, 1, 9, 7, 163, 1, 1, '2021-03-24 10:17:55', 1),
(350, 1, 9, 7, 132, 1, 1, '2021-03-24 10:19:20', 9),
(351, 1, 9, 7, 58, 1, 1, '2021-03-24 10:21:23', 11),
(352, 1, 9, 7, 139, 1, 1, '2021-03-24 10:22:44', 3),
(353, 1, 9, 7, 124, 1, 1, '2021-03-24 10:23:55', 5),
(354, 1, 9, 7, 46, 1, 1, '2021-03-24 10:24:39', 6),
(355, 1, 9, 7, 58, 1, 1, '2021-03-24 10:25:19', 12),
(356, 1, 9, 7, 46, 1, 1, '2021-03-24 10:27:52', 7),
(357, 1, 9, 7, 209, 1, 0, '2021-03-24 10:56:29', 1),
(358, 1, 9, 7, 222, 2, 1, '2021-03-24 14:31:27', 12),
(359, 1, 9, 7, 58, 4, 1, '2021-03-24 14:32:45', 16),
(360, 1, 9, 7, 59, 1, 1, '2021-03-24 16:20:25', 4),
(361, 1, 9, 7, 225, 1, 1, '2021-03-24 16:27:21', 1),
(362, 1, 9, 7, 225, 1, 1, '2021-03-24 16:29:15', 2),
(363, 1, 9, 7, 158, 1, 1, '2021-03-24 16:34:41', 2),
(364, 1, 9, 7, 222, 2, 0, '2021-03-25 13:42:12', 10),
(365, 1, 9, 7, 321, 1, 1, '2021-03-25 15:18:13', 3),
(366, 1, 9, 7, 105, 1, 1, '2021-03-25 15:18:36', 8),
(367, 1, 9, 7, 143, 1, 1, '2021-03-25 15:18:59', 2),
(368, 1, 9, 7, 321, 1, 1, '2021-03-25 15:19:20', 4),
(369, 1, 9, 7, 324, 1, 1, '2021-03-25 15:19:41', 1),
(370, 1, 9, 7, 143, 2, 1, '2021-03-25 15:20:13', 4),
(371, 1, 9, 7, 57, 1, 1, '2021-03-25 15:20:34', 12),
(372, 1, 9, 7, 129, 1, 1, '2021-03-25 15:20:51', 2),
(373, 1, 9, 7, 149, 1, 1, '2021-03-25 15:21:04', 3),
(374, 1, 9, 7, 142, 1, 1, '2021-03-25 15:21:20', 2),
(375, 1, 9, 7, 124, 2, 1, '2021-03-25 15:21:40', 7),
(376, 1, 9, 7, 225, 1, 1, '2021-03-25 16:33:00', 3),
(377, 1, 9, 7, 314, 1, 1, '2021-03-25 16:34:39', 1),
(378, 1, 9, 7, 58, 4, 0, '2021-03-26 11:10:56', 12),
(379, 1, 6, 7, 58, 4, 0, '2021-03-26 14:10:06', 8),
(380, 1, 6, 7, 74, 1, 0, '2021-03-26 14:49:51', 15),
(381, 1, 6, 7, 89, 2, 0, '2021-03-26 14:51:28', 16),
(382, 1, 9, 7, 276, 1, 1, '2021-03-26 16:30:56', 2),
(383, 1, 9, 7, 143, 1, 1, '2021-03-26 16:32:29', 5),
(384, 1, 9, 7, 87, 1, 1, '2021-03-26 16:33:39', 13),
(385, 1, 9, 7, 57, 1, 1, '2021-03-26 16:35:34', 13),
(386, 1, 9, 7, 87, 1, 1, '2021-03-26 16:38:32', 14),
(387, 1, 6, 7, 232, 1, 1, '2021-03-27 09:33:23', 3),
(388, 1, 6, 7, 232, 1, 0, '2021-03-27 09:33:51', 2),
(389, 1, 9, 7, 58, 4, 1, '2021-03-27 10:04:24', 12),
(390, 1, 9, 7, 232, 8, 1, '2021-03-27 10:06:14', 10),
(391, 1, 9, 7, 58, 4, 1, '2021-03-27 10:07:27', 16),
(392, 1, 9, 7, 35, 3, 1, '2021-03-27 10:07:52', 7),
(393, 1, 9, 7, 213, 1, 0, '2021-03-27 11:20:31', 11),
(394, 1, 9, 7, 143, 1, 1, '2021-03-27 16:26:21', 6),
(395, 1, 9, 7, 105, 1, 1, '2021-03-29 16:28:53', 9),
(396, 1, 9, 7, 95, 1, 1, '2021-03-29 16:29:24', 6),
(397, 1, 9, 7, 324, 1, 1, '2021-03-29 16:34:18', 2),
(398, 1, 9, 7, 59, 1, 1, '2021-03-29 16:35:16', 5),
(399, 1, 9, 7, 59, 2, 1, '2021-03-29 16:35:47', 7),
(400, 1, 9, 7, 143, 1, 1, '2021-03-29 16:36:52', 7),
(401, 1, 9, 7, 301, 1, 1, '2021-03-29 16:38:17', 2),
(402, 1, 9, 7, 105, 1, 1, '2021-03-29 16:41:14', 10),
(403, 1, 9, 7, 321, 1, 1, '2021-03-29 16:41:39', 5),
(404, 1, 9, 7, 143, 1, 1, '2021-03-29 16:42:51', 8),
(405, 1, 9, 7, 324, 1, 1, '2021-03-29 16:43:38', 3),
(406, 1, 9, 7, 321, 1, 1, '2021-03-29 16:44:20', 6),
(407, 1, 9, 7, 58, 2, 1, '2021-03-29 16:44:47', 18),
(408, 1, 9, 7, 323, 1, 1, '2021-03-29 16:45:26', 1),
(409, 1, 9, 7, 132, 1, 0, '2021-03-30 09:11:25', 8),
(410, 1, 9, 7, 132, 1, 0, '2021-03-30 09:26:27', 7),
(411, 1, 9, 7, 132, 1, 1, '2021-03-30 09:27:32', 8),
(412, 1, 9, 7, 130, 1, 0, '2021-03-30 09:27:48', 3),
(413, 1, 9, 7, 59, 1, 0, '2021-03-30 09:30:00', 6),
(414, 1, 9, 7, 89, 4, 0, '2021-03-30 09:33:08', 12),
(415, 1, 9, 7, 105, 4, 0, '2021-03-30 09:35:05', 6),
(416, 1, 9, 7, 321, 3, 0, '2021-03-30 09:36:21', 3),
(417, 1, 9, 7, 143, 2, 0, '2021-03-30 09:37:10', 6),
(418, 1, 9, 7, 58, 10, 0, '2021-03-30 09:43:48', 8),
(419, 1, 9, 7, 232, 8, 0, '2021-03-30 09:44:28', 2),
(420, 1, 9, 7, 35, 3, 0, '2021-03-30 09:45:00', 4),
(421, 1, 9, 7, 324, 2, 0, '2021-03-30 09:45:45', 1),
(422, 1, 9, 7, 323, 1, 0, '2021-03-30 09:46:35', 0),
(423, 1, 9, 7, 76, 2, 0, '2021-03-30 09:47:33', 16),
(424, 1, 9, 7, 321, 1, 0, '2021-03-30 09:48:36', 2),
(425, 1, 9, 7, 87, 2, 0, '2021-03-30 09:49:10', 12),
(426, 1, 9, 7, 59, 3, 0, '2021-03-30 09:50:25', 3),
(427, 1, 9, 7, 165, 1, 0, '2021-03-30 09:51:11', 2),
(428, 1, 9, 7, 124, 1, 1, '2021-03-30 16:30:30', 8),
(429, 1, 9, 7, 162, 1, 1, '2021-03-30 16:31:18', 1),
(430, 1, 9, 7, 89, 1, 1, '2021-03-30 16:31:53', 13),
(431, 1, 9, 7, 52, 1, 1, '2021-03-30 16:33:58', 5),
(432, 1, 9, 7, 89, 1, 1, '2021-03-30 16:36:18', 14),
(433, 1, 9, 7, 155, 1, 1, '2021-04-01 08:25:16', 5),
(434, 1, 9, 7, 340, 1, 1, '2021-04-01 08:27:05', 1),
(435, 1, 9, 7, 145, 1, 0, '2021-04-02 08:10:41', 0),
(436, 1, 9, 7, 87, 1, 0, '2021-04-02 08:11:11', 11),
(437, 1, 9, 7, 157, 1, 1, '2021-04-02 08:28:06', 2),
(438, 1, 9, 7, 301, 1, 0, '2021-04-02 08:32:37', 1),
(439, 1, 9, 7, 256, 1, 1, '2021-04-03 08:12:18', 1),
(440, 1, 9, 7, 123, 1, 1, '2021-04-03 08:13:07', 4),
(441, 1, 9, 7, 340, 1, 1, '2021-04-03 08:13:40', 2),
(442, 1, 9, 7, 320, 1, 1, '2021-04-03 08:16:10', 3),
(443, 1, 9, 7, 323, 1, 1, '2021-04-03 08:17:40', 1),
(444, 1, 9, 7, 323, 1, 0, '2021-04-03 08:22:15', 0),
(445, 1, 9, 7, 162, 1, 1, '2021-04-03 08:23:07', 2),
(446, 1, 9, 7, 96, 1, 1, '2021-04-03 16:21:32', 8),
(447, 1, 9, 7, 142, 1, 1, '2021-04-03 16:21:56', 3),
(448, 1, 9, 7, 256, 1, 1, '2021-04-03 16:25:19', 2),
(449, 1, 9, 7, 143, 1, 1, '2021-04-03 16:26:14', 7),
(450, 1, 9, 7, 142, 1, 1, '2021-04-03 16:29:37', 4),
(451, 1, 9, 7, 165, 1, 1, '2021-04-03 16:30:34', 3),
(452, 1, 9, 7, 105, 1, 1, '2021-04-03 16:31:17', 7),
(453, 1, 9, 7, 123, 1, 0, '2021-04-03 16:39:41', 3),
(454, 1, 9, 7, 46, 1, 0, '2021-04-03 16:41:19', 6),
(455, 1, 9, 7, 57, 1, 1, '2021-04-03 16:42:10', 14),
(456, 1, 9, 7, 87, 1, 1, '2021-04-03 16:42:55', 12),
(457, 1, 9, 7, 321, 1, 1, '2021-04-06 08:13:27', 3),
(458, 1, 9, 7, 342, 1, 1, '2021-04-06 08:13:41', 1),
(459, 1, 9, 7, 145, 1, 1, '2021-04-06 08:25:37', 1),
(460, 1, 9, 7, 46, 2, 1, '2021-04-06 08:26:52', 8),
(461, 1, 9, 7, 145, 1, 0, '2021-04-06 08:40:17', 0),
(462, 1, 9, 7, 149, 1, 1, '2021-04-06 08:40:36', 4),
(463, 1, 9, 7, 313, 1, 1, '2021-04-06 09:11:32', 1),
(464, 1, 9, 7, 313, 1, 0, '2021-04-06 10:03:42', 0),
(465, 1, 9, 7, 274, 1, 0, '2021-04-06 13:35:29', 6),
(466, 1, 9, 7, 130, 1, 1, '2021-04-07 16:26:17', 4),
(467, 1, 9, 7, 322, 1, 1, '2021-04-07 16:26:32', 2),
(468, 1, 9, 7, 58, 1, 1, '2021-04-07 16:27:13', 9),
(469, 1, 9, 7, 52, 1, 1, '2021-04-07 16:27:29', 6),
(470, 1, 9, 7, 130, 1, 1, '2021-04-07 16:27:49', 5),
(471, 1, 9, 7, 339, 1, 1, '2021-04-07 16:29:58', 1),
(472, 1, 9, 7, 124, 1, 1, '2021-04-07 16:31:55', 9),
(473, 1, 9, 7, 158, 1, 1, '2021-04-08 08:18:41', 3),
(474, 1, 9, 7, 113, 1, 1, '2021-04-08 08:19:55', 7),
(475, 1, 9, 7, 344, 1, 1, '2021-04-08 08:20:19', 1),
(476, 1, 9, 7, 345, 1, 1, '2021-04-08 08:21:11', 1),
(477, 1, 9, 7, 321, 1, 1, '2021-04-08 08:25:54', 4),
(478, 1, 9, 7, 129, 1, 1, '2021-04-08 09:28:01', 3),
(479, 1, 9, 7, 159, 1, 1, '2021-04-08 09:37:14', 1),
(480, 1, 9, 7, 344, 1, 0, '2021-04-08 16:21:19', 0),
(481, 1, 9, 7, 113, 1, 0, '2021-04-08 16:21:35', 6),
(482, 1, 9, 7, 87, 1, 0, '2021-04-08 16:21:49', 11),
(483, 1, 9, 7, 298, 1, 0, '2021-04-08 16:22:07', 0),
(484, 1, 9, 7, 134, 1, 0, '2021-04-09 16:00:24', 4),
(485, 1, 6, 7, 256, 1, 0, '2021-04-10 09:22:19', 1),
(486, 1, 6, 7, 231, 1, 0, '2021-04-10 09:25:58', 4),
(487, 1, 6, 7, 46, 1, 0, '2021-04-10 09:39:41', 7),
(488, 1, 6, 7, 52, 1, 0, '2021-04-10 09:41:56', 5),
(489, 1, 6, 7, 309, 1, 0, '2021-04-10 09:42:06', 2),
(490, 1, 6, 7, 58, 1, 0, '2021-04-10 09:43:41', 8),
(491, 1, 6, 7, 298, 1, 1, '2021-04-10 09:48:24', 1),
(492, 1, 6, 7, 274, 1, 0, '2021-04-10 09:50:18', 5),
(493, 1, 6, 7, 89, 2, 0, '2021-04-10 09:51:30', 12),
(494, 1, 6, 7, 94, 1, 0, '2021-04-10 09:53:10', 4),
(495, 1, 6, 7, 96, 1, 0, '2021-04-10 09:54:02', 7),
(496, 1, 6, 7, 106, 1, 1, '2021-04-10 09:55:48', 1),
(497, 1, 6, 7, 107, 1, 0, '2021-04-10 09:56:06', 1),
(498, 1, 6, 7, 344, 1, 1, '2021-04-10 09:56:56', 1),
(499, 1, 6, 7, 129, 1, 0, '2021-04-10 10:00:46', 2),
(500, 1, 6, 7, 142, 1, 0, '2021-04-10 10:02:53', 3),
(501, 1, 6, 7, 149, 1, 0, '2021-04-10 10:06:31', 3),
(502, 1, 6, 7, 158, 1, 0, '2021-04-10 10:06:55', 2),
(503, 1, 6, 7, 163, 1, 1, '2021-04-10 10:12:59', 2),
(504, 1, 6, 7, 164, 1, 1, '2021-04-10 10:13:33', 2),
(505, 1, 6, 7, 320, 1, 1, '2021-04-10 10:13:46', 4),
(506, 1, 6, 7, 162, 1, 0, '2021-04-10 10:14:16', 1),
(507, 1, 6, 7, 165, 1, 0, '2021-04-10 10:14:32', 2),
(508, 1, 6, 7, 105, 2, 0, '2021-04-10 11:33:34', 5),
(509, 1, 6, 7, 96, 1, 0, '2021-04-10 11:39:11', 6),
(510, 1, 9, 7, 340, 2, 0, '2021-04-10 15:46:58', 0),
(511, 1, 9, 7, 132, 2, 0, '2021-04-10 15:48:09', 6),
(512, 1, 9, 7, 129, 1, 0, '2021-04-10 15:50:01', 1),
(513, 1, 9, 7, 165, 1, 0, '2021-04-10 16:04:07', 1),
(514, 1, 9, 7, 46, 1, 0, '2021-04-10 16:04:21', 6),
(515, 1, 9, 7, 41, 2, 0, '2021-04-10 16:04:41', 16),
(516, 1, 9, 7, 324, 1, 0, '2021-04-10 16:05:00', 0),
(517, 1, 9, 7, 159, 1, 0, '2021-04-10 16:05:18', 0),
(518, 1, 9, 7, 343, 1, 1, '2021-04-10 16:14:43', 1),
(519, 1, 9, 7, 343, 1, 0, '2021-04-10 16:15:14', 0),
(520, 1, 9, 7, 276, 1, 0, '2021-04-14 15:46:49', 1),
(521, 1, 9, 7, 324, 1, 1, '2021-04-14 16:19:08', 1),
(522, 1, 9, 7, 34, 1, 1, '2021-04-14 16:19:49', 1),
(523, 1, 9, 7, 89, 1, 1, '2021-04-14 16:24:09', 13),
(524, 1, 9, 7, 107, 1, 1, '2021-04-14 16:25:11', 2),
(525, 1, 9, 7, 176, 1, 1, '2021-04-16 16:26:41', 1),
(526, 1, 9, 7, 226, 1, 1, '2021-04-16 16:28:39', 4),
(527, 1, 9, 7, 34, 1, 0, '2021-04-16 16:30:32', 0),
(528, 1, 9, 7, 314, 1, 1, '2021-04-19 09:20:02', 2),
(529, 1, 9, 7, 314, 1, 1, '2021-04-19 09:20:12', 3),
(530, 1, 9, 7, 314, 1, 0, '2021-04-19 09:38:49', 2),
(531, 1, 9, 7, 46, 1, 1, '2021-04-19 09:39:11', 7),
(532, 1, 9, 7, 222, 1, 1, '2021-04-19 09:40:55', 11),
(533, 1, 9, 7, 34, 1, 1, '2021-04-19 09:43:00', 1),
(534, 1, 9, 7, 96, 1, 1, '2021-04-19 09:43:18', 7),
(535, 1, 9, 7, 34, 1, 1, '2021-04-19 09:44:02', 2),
(536, 1, 9, 7, 129, 1, 1, '2021-04-19 09:46:19', 2),
(537, 1, 9, 7, 164, 1, 0, '2021-04-19 13:58:03', 1),
(538, 1, 9, 7, 105, 1, 0, '2021-04-19 13:58:47', 4),
(539, 1, 9, 7, 142, 1, 0, '2021-04-19 13:59:45', 2),
(540, 1, 9, 7, 124, 1, 0, '2021-04-19 14:00:16', 8),
(541, 1, 9, 7, 112, 1, 0, '2021-04-19 14:00:28', 4),
(542, 1, 9, 7, 96, 1, 0, '2021-04-19 14:00:40', 6),
(543, 1, 9, 7, 226, 1, 1, '2021-04-20 16:20:44', 5),
(544, 1, 9, 7, 225, 1, 1, '2021-04-20 16:20:54', 4),
(545, 1, 9, 7, 222, 1, 1, '2021-04-20 16:22:20', 12),
(546, 1, 9, 7, 70, 1, 1, '2021-04-20 16:23:06', 1),
(547, 1, 9, 7, 256, 1, 1, '2021-04-20 16:24:15', 2),
(548, 1, 9, 7, 41, 4, 1, '2021-04-20 16:25:36', 20),
(549, 1, 9, 7, 222, 2, 1, '2021-04-20 16:27:02', 14),
(550, 1, 9, 7, 59, 1, 1, '2021-04-20 16:27:36', 4),
(551, 1, 9, 7, 41, 1, 1, '2021-04-20 16:28:46', 21),
(552, 1, 9, 7, 222, 2, 1, '2021-04-20 16:29:34', 16),
(553, 1, 9, 7, 226, 1, 1, '2021-04-20 16:31:37', 6),
(554, 1, 9, 7, 96, 1, 1, '2021-04-20 16:32:17', 7),
(555, 1, 9, 7, 105, 1, 1, '2021-04-21 16:21:09', 5),
(556, 1, 9, 7, 321, 1, 1, '2021-04-21 16:22:59', 5),
(557, 1, 9, 7, 222, 1, 1, '2021-04-21 16:24:06', 17),
(558, 1, 9, 7, 58, 1, 1, '2021-04-21 16:25:46', 9),
(559, 1, 9, 7, 256, 1, 1, '2021-04-21 16:26:46', 3),
(560, 1, 9, 7, 52, 1, 1, '2021-04-23 08:56:07', 6),
(561, 1, 9, 7, 58, 1, 1, '2021-04-23 08:56:33', 10),
(562, 1, 9, 7, 347, 1, 1, '2021-04-23 08:56:44', 1),
(563, 1, 9, 7, 348, 1, 1, '2021-04-23 08:57:00', 1),
(564, 1, 9, 7, 34, 1, 1, '2021-04-23 08:57:25', 3),
(565, 1, 9, 7, 256, 1, 1, '2021-04-23 08:57:41', 4),
(566, 1, 9, 7, 342, 1, 0, '2021-04-23 15:25:22', 0),
(567, 1, 9, 7, 213, 1, 0, '2021-04-23 15:38:36', 10),
(568, 1, 9, 7, 348, 1, 0, '2021-04-23 15:38:58', 0),
(569, 1, 9, 7, 347, 1, 0, '2021-04-23 15:39:15', 0),
(570, 1, 9, 7, 74, 1, 1, '2021-04-24 13:42:08', 16),
(571, 1, 9, 7, 313, 1, 1, '2021-04-24 13:43:25', 1),
(572, 1, 9, 7, 256, 1, 1, '2021-04-24 13:44:23', 5),
(573, 1, 9, 7, 256, 1, 0, '2021-04-24 13:45:17', 4),
(574, 1, 9, 7, 316, 1, 1, '2021-04-24 15:27:26', 2),
(575, 1, 9, 7, 316, 1, 1, '2021-04-24 15:27:26', 2),
(576, 1, 9, 7, 316, 1, 0, '2021-04-24 16:09:07', 2),
(577, 1, 9, 7, 316, 1, 0, '2021-04-24 16:09:27', 1),
(578, 1, 9, 7, 57, 1, 0, '2021-04-27 15:22:39', 13),
(579, 1, 9, 7, 58, 1, 0, '2021-04-27 15:23:52', 9),
(580, 1, 9, 7, 260, 1, 0, '2021-04-27 15:24:06', 0),
(581, 1, 9, 7, 259, 1, 0, '2021-04-27 15:24:16', 1),
(582, 1, 9, 7, 259, 1, 0, '2021-04-27 15:31:17', 0),
(583, 1, 9, 7, 46, 1, 1, '2021-04-28 16:33:29', 8),
(584, 1, 9, 7, 222, 2, 1, '2021-04-28 16:37:37', 19),
(585, 1, 9, 7, 76, 1, 1, '2021-04-29 16:45:30', 17),
(586, 1, 9, 7, 76, 1, 1, '2021-04-29 16:45:52', 18),
(587, 1, 9, 7, 76, 1, 1, '2021-04-29 16:46:06', 19),
(588, 1, 9, 7, 27, 4, 1, '2021-04-29 16:47:30', 8),
(589, 1, 9, 7, 76, 2, 1, '2021-04-30 10:55:44', 21),
(590, 1, 9, 7, 52, 1, 1, '2021-04-30 10:58:23', 7),
(591, 1, 9, 7, 352, 1, 1, '2021-04-30 16:37:26', 1),
(592, 1, 9, 7, 351, 1, 1, '2021-04-30 16:37:51', 1),
(593, 1, 9, 7, 339, 1, 0, '2021-05-03 08:18:16', 0),
(594, 1, 9, 7, 314, 1, 0, '2021-05-03 08:18:44', 1),
(595, 1, 9, 7, 27, 4, 0, '2021-05-03 08:19:16', 4),
(596, 1, 9, 7, 106, 1, 0, '2021-05-03 08:19:32', 0),
(597, 1, 9, 7, 105, 1, 0, '2021-05-03 08:25:49', 4),
(598, 1, 9, 7, 76, 4, 0, '2021-05-03 08:26:51', 17),
(599, 1, 9, 7, 74, 1, 0, '2021-05-03 08:27:13', 15),
(600, 1, 9, 7, 176, 1, 0, '2021-05-03 08:27:25', 0),
(601, 1, 9, 7, 96, 2, 0, '2021-05-03 08:28:07', 5),
(602, 1, 9, 7, 121, 1, 0, '2021-05-03 08:28:29', 2),
(603, 1, 9, 7, 124, 1, 0, '2021-05-03 08:28:48', 7),
(604, 1, 9, 7, 123, 1, 0, '2021-05-03 08:30:08', 2),
(605, 1, 9, 7, 222, 3, 0, '2021-05-03 08:30:28', 16),
(606, 1, 9, 7, 96, 2, 0, '2021-05-05 08:14:58', 3),
(607, 1, 9, 7, 89, 1, 0, '2021-05-05 08:15:19', 12),
(608, 1, 9, 7, 44, 1, 0, '2021-05-05 08:15:32', 7),
(609, 1, 9, 7, 349, 1, 1, '2021-05-05 08:18:30', 1),
(610, 1, 9, 7, 349, 1, 0, '2021-05-05 08:28:10', 0),
(611, 1, 9, 7, 352, 1, 0, '2021-05-05 08:28:28', 0),
(612, 1, 9, 7, 351, 1, 0, '2021-05-05 08:29:23', 0),
(613, 1, 9, 7, 76, 1, 1, '2021-05-07 16:37:01', 18),
(614, 1, 9, 7, 123, 1, 1, '2021-05-07 16:37:19', 3),
(615, 1, 9, 7, 76, 1, 1, '2021-05-07 16:37:37', 19),
(616, 1, 9, 7, 105, 1, 1, '2021-05-07 16:37:45', 5),
(617, 1, 9, 7, 74, 1, 1, '2021-05-07 16:38:10', 16),
(618, 1, 9, 7, 350, 1, 1, '2021-05-24 08:13:37', 1),
(619, 1, 9, 7, 74, 1, 1, '2021-05-24 08:13:41', 17),
(620, 1, 9, 7, 165, 1, 1, '2021-05-24 08:13:46', 2),
(621, 1, 9, 7, 67, 1, 0, '2021-05-24 11:21:18', 2),
(622, 1, 9, 7, 89, 2, 0, '2021-05-24 11:21:54', 10),
(623, 1, 9, 7, 67, 2, 0, '2021-05-24 11:22:46', 0),
(624, 1, 9, 7, 158, 1, 0, '2021-05-24 11:23:25', 1),
(625, 1, 9, 7, 149, 1, 0, '2021-05-24 11:23:38', 2),
(626, 1, 9, 7, 142, 1, 0, '2021-05-24 11:23:49', 1),
(627, 1, 9, 7, 112, 1, 0, '2021-05-24 11:23:59', 3),
(628, 1, 9, 7, 57, 1, 0, '2021-05-24 11:24:11', 12),
(629, 1, 9, 7, 41, 3, 0, '2021-05-24 11:24:39', 18),
(630, 1, 9, 7, 106, 1, 1, '2021-05-24 16:35:07', 1),
(631, 1, 9, 7, 106, 1, 1, '2021-05-24 16:35:36', 2),
(632, 1, 9, 7, 112, 1, 1, '2021-05-24 16:36:04', 4),
(633, 1, 9, 7, 150, 1, 1, '2021-05-24 16:36:28', 1),
(634, 1, 9, 7, 129, 1, 1, '2021-05-24 16:39:17', 3),
(635, 1, 9, 7, 89, 1, 1, '2021-05-24 16:39:57', 11),
(636, 1, 9, 7, 130, 1, 1, '2021-06-10 14:13:14', 6),
(637, 1, 9, 7, 105, 1, 1, '2021-06-10 14:13:47', 6),
(638, 1, 9, 7, 105, 1, 1, '2021-06-10 14:14:59', 7),
(639, 1, 9, 7, 358, 1, 1, '2021-06-10 14:15:16', 1),
(640, 1, 9, 7, 105, 1, 1, '2021-06-10 14:15:36', 8),
(641, 1, 9, 7, 46, 1, 1, '2021-06-10 14:16:06', 9),
(642, 1, 9, 7, 363, 1, 1, '2021-06-10 14:16:42', 1),
(643, 1, 9, 7, 129, 1, 1, '2021-06-10 14:18:34', 4),
(644, 1, 9, 7, 354, 1, 1, '2021-06-10 14:18:49', 1),
(645, 1, 9, 7, 132, 1, 1, '2021-06-10 14:19:53', 7),
(646, 1, 9, 7, 95, 1, 1, '2021-06-10 14:22:34', 7),
(647, 1, 9, 7, 95, 1, 1, '2021-06-10 14:33:55', 8),
(648, 1, 9, 7, 129, 1, 1, '2021-06-11 08:42:33', 5),
(649, 1, 9, 7, 89, 1, 1, '2021-06-11 08:44:27', 12),
(650, 1, 9, 7, 353, 1, 1, '2021-06-11 08:44:52', 1),
(651, 1, 9, 7, 57, 1, 1, '2021-06-11 08:46:09', 13),
(652, 1, 9, 7, 360, 1, 1, '2021-06-11 08:46:25', 1),
(653, 1, 9, 7, 46, 1, 1, '2021-06-11 08:46:38', 10),
(654, 1, 9, 7, 87, 1, 1, '2021-06-11 08:49:07', 12),
(655, 1, 9, 7, 134, 1, 1, '2021-06-11 08:50:11', 5),
(656, 1, 9, 7, 112, 1, 1, '2021-06-11 08:50:35', 5),
(657, 1, 9, 7, 355, 1, 1, '2021-06-11 09:15:57', 1),
(658, 1, 9, 7, 89, 1, 1, '2021-06-11 09:20:57', 13),
(659, 1, 9, 7, 124, 1, 1, '2021-06-11 09:21:10', 8),
(660, 1, 9, 7, 112, 1, 1, '2021-06-11 09:21:26', 6),
(661, 1, 9, 7, 357, 1, 1, '2021-06-11 09:21:41', 1),
(662, 1, 9, 7, 150, 1, 1, '2021-06-11 09:24:51', 2),
(663, 1, 9, 7, 356, 1, 1, '2021-06-11 09:27:12', 1),
(664, 1, 9, 7, 177, 1, 1, '2021-06-11 09:27:35', 1),
(665, 1, 9, 7, 324, 1, 1, '2021-06-11 09:28:23', 2),
(666, 1, 9, 7, 359, 1, 1, '2021-06-11 09:29:41', 1),
(667, 1, 9, 7, 360, 1, 1, '2021-06-11 09:29:59', 2),
(668, 1, 9, 7, 361, 1, 1, '2021-06-11 09:33:34', 1),
(669, 1, 9, 7, 58, 2, 1, '2021-06-11 09:33:47', 11),
(670, 1, 9, 7, 107, 1, 1, '2021-06-11 09:35:03', 3),
(671, 1, 9, 7, 316, 1, 1, '2021-06-11 09:35:20', 2),
(672, 1, 9, 7, 134, 1, 1, '2021-06-11 09:35:24', 6),
(673, 1, 9, 7, 64, 3, 1, '2021-06-14 09:03:09', 6),
(674, 1, 9, 7, 64, 3, 0, '2021-06-14 09:03:52', 3),
(675, 1, 9, 7, 193, 1, 0, '2021-06-14 09:08:33', 0),
(676, 1, 9, 7, 194, 1, 0, '2021-06-14 09:08:44', 1),
(677, 1, 9, 7, 241, 2, 1, '2021-06-14 09:12:55', 4),
(678, 1, 9, 7, 241, 2, 0, '2021-06-14 09:13:15', 2),
(679, 1, 9, 7, 266, 1, 1, '2021-06-14 09:57:35', 3),
(680, 1, 9, 7, 266, 1, 0, '2021-06-14 09:57:59', 2),
(681, 1, 9, 7, 236, 3, 1, '2021-06-14 10:05:13', 4),
(682, 1, 9, 7, 213, 1, 0, '2021-06-14 10:16:50', 9),
(683, 1, 9, 7, 222, 9, 0, '2021-06-14 10:17:30', 7),
(684, 1, 9, 7, 225, 4, 0, '2021-06-14 10:17:54', 0),
(685, 1, 9, 7, 226, 5, 0, '2021-06-14 10:18:23', 1),
(686, 1, 9, 7, 27, 4, 0, '2021-06-14 10:25:25', 0),
(687, 1, 9, 7, 35, 1, 0, '2021-06-14 10:25:56', 3),
(688, 1, 9, 7, 40, 1, 1, '2021-06-14 10:43:19', 3),
(689, 1, 9, 7, 40, 1, 0, '2021-06-14 10:43:40', 2),
(690, 1, 9, 7, 41, 18, 0, '2021-06-14 10:44:10', 0),
(691, 1, 9, 7, 284, 2, 0, '2021-06-14 10:44:41', 0),
(692, 1, 9, 7, 283, 1, 0, '2021-06-14 10:45:10', 0),
(693, 1, 9, 7, 44, 5, 0, '2021-06-14 10:46:02', 2),
(694, 1, 9, 7, 46, 1, 0, '2021-06-14 10:46:27', 9),
(695, 1, 9, 7, 45, 1, 0, '2021-06-14 10:46:44', 0),
(696, 1, 9, 7, 46, 1, 0, '2021-06-14 10:47:22', 8),
(697, 1, 9, 7, 322, 1, 1, '2021-06-14 14:01:47', 3),
(698, 1, 9, 7, 52, 2, 0, '2021-06-14 14:08:16', 5),
(699, 1, 9, 7, 55, 2, 1, '2021-06-14 14:11:05', 2),
(700, 1, 9, 7, 56, 2, 0, '2021-06-14 14:12:43', 0),
(701, 1, 9, 7, 57, 8, 0, '2021-06-14 14:13:02', 5),
(702, 1, 9, 7, 58, 9, 0, '2021-06-14 14:13:50', 2),
(703, 1, 9, 7, 74, 1, 0, '2021-06-14 14:19:00', 16),
(704, 1, 9, 7, 76, 5, 0, '2021-06-14 14:19:41', 14),
(705, 1, 9, 7, 356, 1, 0, '2021-06-14 14:34:08', 0),
(706, 1, 9, 7, 87, 2, 0, '2021-06-14 14:37:10', 10),
(707, 1, 9, 7, 274, 2, 0, '2021-06-14 14:37:36', 3),
(708, 1, 9, 7, 89, 1, 0, '2021-06-14 14:38:16', 12),
(709, 1, 9, 7, 367, 1, 1, '2021-06-14 14:42:46', 1),
(710, 1, 9, 7, 94, 1, 0, '2021-06-14 15:19:14', 3),
(711, 1, 9, 7, 95, 4, 0, '2021-06-14 15:20:29', 4),
(712, 1, 9, 7, 96, 5, 1, '2021-06-14 15:21:18', 8),
(713, 1, 9, 7, 105, 3, 0, '2021-06-14 15:24:04', 5),
(714, 1, 9, 7, 106, 1, 0, '2021-06-14 15:24:26', 1),
(715, 1, 9, 7, 107, 3, 0, '2021-06-14 15:24:46', 0),
(716, 1, 9, 7, 307, 1, 0, '2021-06-14 15:26:06', 1),
(717, 1, 9, 7, 276, 1, 1, '2021-06-14 15:40:17', 2),
(718, 1, 9, 7, 121, 1, 1, '2021-06-14 15:47:20', 3),
(719, 1, 9, 7, 123, 1, 1, '2021-06-14 15:47:43', 4),
(720, 1, 9, 7, 124, 4, 0, '2021-06-14 15:48:02', 4),
(721, 1, 9, 7, 132, 2, 0, '2021-06-14 15:50:09', 5),
(722, 1, 9, 7, 138, 1, 1, '2021-06-14 15:55:46', 2),
(723, 1, 9, 10, 139, 1, 1, '2021-06-14 15:57:25', 4),
(724, 1, 9, 7, 141, 1, 0, '2021-06-14 15:58:00', 0),
(725, 1, 9, 7, 146, 1, 1, '2021-06-14 16:12:06', 1),
(726, 1, 9, 7, 149, 2, 1, '2021-06-14 16:13:04', 4),
(727, 1, 9, 7, 150, 1, 0, '2021-06-14 16:13:29', 1),
(728, 1, 9, 7, 149, 1, 1, '2021-06-14 16:15:32', 5),
(729, 1, 9, 10, 159, 1, 1, '2021-06-14 16:16:45', 1),
(730, 1, 9, 7, 149, 3, 0, '2021-06-14 16:17:37', 2),
(731, 1, 9, 7, 158, 1, 0, '2021-06-14 16:18:04', 0),
(732, 1, 9, 7, 89, 1, 1, '2021-06-14 16:26:36', 13),
(733, 1, 9, 7, 89, 1, 1, '2021-06-14 16:26:37', 14),
(734, 1, 9, 7, 226, 1, 1, '2021-06-14 16:27:29', 2),
(735, 1, 9, 7, 226, 1, 1, '2021-06-14 16:28:15', 3),
(736, 1, 9, 7, 361, 1, 1, '2021-06-14 16:29:00', 2),
(737, 1, 9, 7, 316, 1, 1, '2021-06-14 16:30:01', 3),
(738, 1, 9, 7, 95, 1, 1, '2021-06-14 16:30:54', 5),
(739, 1, 9, 7, 235, 1, 1, '2021-06-14 16:31:07', 1),
(740, 1, 9, 7, 362, 2, 1, '2021-06-19 09:24:48', 2),
(741, 1, 9, 7, 235, 1, 1, '2021-06-19 09:25:17', 2),
(742, 1, 9, 7, 314, 1, 1, '2021-06-22 08:37:26', 2),
(743, 1, 9, 7, 366, 1, 1, '2021-06-22 08:38:02', 1),
(744, 1, 9, 7, 74, 1, 1, '2021-06-22 08:39:08', 17),
(745, 1, 9, 7, 58, 2, 1, '2021-06-22 08:39:41', 4),
(746, 1, 9, 7, 141, 1, 1, '2021-06-22 08:40:13', 1),
(747, 1, 9, 7, 123, 1, 1, '2021-06-22 08:40:23', 5),
(748, 1, 9, 7, 107, 1, 1, '2021-06-29 10:29:30', 1),
(749, 1, 9, 7, 87, 1, 1, '2021-06-29 10:39:23', 11),
(750, 1, 9, 7, 370, 1, 1, '2021-06-29 10:40:01', 1),
(751, 1, 9, 7, 365, 1, 1, '2021-06-29 10:40:22', 1),
(752, 1, 9, 7, 113, 1, 1, '2021-06-29 10:42:40', 7),
(753, 1, 9, 7, 112, 1, 1, '2021-06-29 10:43:02', 7),
(754, 1, 9, 7, 235, 1, 1, '2021-06-29 10:43:34', 3),
(755, 1, 9, 7, 107, 1, 1, '2021-06-29 10:44:11', 2),
(756, 1, 9, 7, 123, 1, 1, '2021-06-29 10:44:48', 6),
(757, 1, 9, 7, 368, 1, 1, '2021-06-29 10:45:02', 1),
(758, 1, 9, 7, 106, 1, 1, '2021-06-29 10:47:07', 2),
(759, 1, 9, 7, 57, 1, 1, '2021-07-02 09:51:55', 6),
(760, 1, 9, 7, 364, 1, 1, '2021-07-02 09:52:01', 1),
(761, 1, 9, 7, 165, 1, 0, '2021-07-03 14:50:21', 1),
(762, 1, 9, 7, 46, 2, 0, '2021-07-03 14:51:27', 6),
(763, 1, 9, 7, 26, 2, 0, '2021-07-03 14:52:38', 0),
(764, 1, 9, 7, 350, 1, 0, '2021-07-03 14:56:42', 0),
(765, 1, 9, 7, 307, 1, 0, '2021-07-05 09:57:16', 0),
(766, 1, 9, 7, 316, 1, 0, '2021-07-05 09:57:35', 2),
(767, 1, 9, 7, 129, 1, 0, '2021-07-05 09:57:46', 4),
(768, 1, 9, 7, 355, 1, 0, '2021-07-05 09:58:23', 0),
(769, 1, 9, 7, 87, 2, 0, '2021-07-05 09:58:42', 9),
(770, 1, 9, 7, 57, 2, 0, '2021-07-05 09:59:00', 4),
(771, 1, 9, 7, 359, 1, 0, '2021-07-05 09:59:30', 0),
(772, 1, 9, 7, 357, 1, 0, '2021-07-05 09:59:46', 0),
(773, 1, 9, 7, 358, 1, 0, '2021-07-05 10:00:38', 0),
(774, 1, 9, 7, 194, 1, 0, '2021-07-05 10:00:50', 0),
(775, 1, 9, 7, 124, 1, 0, '2021-07-05 10:01:01', 3),
(776, 1, 9, 7, 58, 2, 0, '2021-07-05 10:01:31', 2),
(777, 1, 9, 7, 46, 1, 0, '2021-07-05 10:01:43', 5),
(778, 1, 9, 7, 74, 1, 0, '2021-07-05 10:01:52', 16),
(779, 1, 9, 7, 150, 1, 0, '2021-07-05 10:02:14', 0),
(780, 1, 9, 7, 361, 1, 0, '2021-07-05 10:02:28', 1),
(781, 1, 9, 7, 365, 1, 0, '2021-07-05 10:02:51', 0),
(782, 1, 9, 7, 91, 1, 0, '2021-07-05 10:03:01', 0),
(783, 1, 9, 7, 112, 1, 0, '2021-07-05 10:03:11', 6),
(784, 1, 9, 7, 235, 3, 0, '2021-07-05 10:03:41', 0),
(785, 1, 9, 7, 226, 3, 0, '2021-07-05 10:03:55', 0),
(786, 1, 9, 7, 222, 2, 0, '2021-07-05 10:04:09', 5),
(787, 1, 9, 7, 43, 3, 0, '2021-07-05 10:04:29', 0),
(788, 1, 9, 7, 87, 3, 0, '2021-07-05 10:04:43', 6),
(789, 1, 9, 7, 112, 2, 0, '2021-07-05 10:05:00', 4),
(790, 1, 9, 7, 107, 2, 0, '2021-07-05 10:05:09', 0),
(791, 1, 9, 7, 238, 2, 0, '2021-07-05 10:05:33', 2),
(792, 1, 9, 7, 239, 2, 0, '2021-07-05 10:05:45', 4),
(793, 1, 9, 7, 52, 2, 0, '2021-07-05 10:06:12', 3),
(794, 1, 9, 7, 52, 2, 0, '2021-07-05 10:06:28', 1),
(795, 1, 9, 7, 57, 1, 0, '2021-07-05 10:06:47', 3),
(796, 1, 9, 7, 89, 1, 0, '2021-07-05 10:06:58', 13),
(797, 1, 9, 7, 95, 1, 0, '2021-07-05 10:07:08', 4),
(798, 1, 9, 7, 105, 1, 0, '2021-07-05 10:07:18', 4),
(799, 1, 9, 7, 123, 1, 0, '2021-07-05 10:07:30', 5),
(800, 1, 9, 7, 132, 1, 0, '2021-07-05 10:07:42', 4),
(801, 1, 9, 7, 222, 2, 0, '2021-07-05 10:08:14', 3),
(802, 1, 9, 7, 304, 1, 0, '2021-07-05 10:08:26', 0),
(803, 1, 9, 7, 321, 1, 0, '2021-07-05 10:08:36', 4),
(804, 1, 9, 7, 370, 1, 0, '2021-07-05 10:08:47', 0),
(805, 1, 9, 7, 130, 1, 0, '2021-07-05 10:09:25', 5),
(806, 1, 9, 7, 141, 1, 0, '2021-07-05 10:09:47', 0),
(807, 1, 9, 7, 74, 1, 0, '2021-07-05 10:13:11', 15),
(808, 1, 9, 7, 155, 2, 0, '2021-07-05 10:13:30', 3),
(809, 1, 9, 7, 89, 2, 0, '2021-07-05 10:13:40', 11),
(810, 1, 9, 7, 146, 1, 0, '2021-07-05 10:13:51', 0),
(811, 1, 9, 7, 318, 1, 0, '2021-07-05 10:14:52', 0),
(812, 1, 9, 7, 106, 1, 0, '2021-07-05 10:15:15', 1),
(813, 1, 9, 7, 89, 1, 1, '2021-07-06 09:28:40', 12),
(814, 1, 9, 7, 372, 1, 1, '2021-07-06 09:28:59', 1),
(815, 1, 9, 7, 372, 1, 1, '2021-07-06 09:30:02', 2),
(816, 1, 9, 7, 46, 1, 1, '2021-07-06 09:30:31', 6),
(817, 1, 9, 7, 113, 1, 1, '2021-07-06 09:30:51', 8),
(818, 1, 9, 7, 106, 1, 1, '2021-07-06 09:31:10', 2),
(819, 1, 9, 7, 373, 1, 1, '2021-07-13 10:10:25', 1),
(820, 1, 9, 7, 89, 2, 1, '2021-07-13 10:10:59', 14),
(821, 1, 9, 7, 376, 1, 1, '2021-07-13 10:11:24', 1),
(822, 1, 9, 7, 89, 1, 1, '2021-07-13 10:12:04', 15),
(823, 1, 9, 7, 344, 1, 1, '2021-07-13 10:12:29', 2),
(824, 1, 9, 7, 96, 1, 1, '2021-07-13 10:12:45', 9),
(825, 1, 9, 7, 165, 1, 1, '2021-07-13 10:13:09', 2),
(826, 1, 9, 7, 321, 1, 1, '2021-07-13 10:13:44', 5),
(827, 1, 9, 7, 46, 1, 1, '2021-07-13 10:14:09', 7),
(828, 1, 9, 7, 87, 1, 1, '2021-07-13 10:14:46', 7),
(829, 1, 9, 7, 225, 1, 1, '2021-07-13 10:15:01', 1),
(830, 1, 9, 7, 96, 1, 1, '2021-07-13 10:17:32', 10),
(831, 1, 9, 7, 112, 1, 1, '2021-07-13 10:19:06', 5),
(832, 1, 9, 7, 364, 1, 1, '2021-07-13 10:22:15', 2),
(833, 1, 9, 7, 150, 1, 1, '2021-07-13 10:23:31', 1),
(834, 1, 9, 7, 106, 1, 1, '2021-07-13 10:23:44', 3),
(835, 1, 9, 7, 95, 1, 1, '2021-07-13 10:24:00', 5),
(836, 1, 9, 7, 112, 1, 1, '2021-07-13 10:24:55', 6),
(837, 1, 9, 7, 106, 1, 1, '2021-07-13 10:25:55', 4),
(838, 1, 9, 7, 141, 1, 1, '2021-07-13 10:26:06', 1),
(839, 1, 9, 7, 370, 1, 1, '2021-07-13 10:26:15', 1),
(840, 1, 9, 7, 106, 1, 1, '2021-07-13 10:26:26', 5),
(841, 1, 9, 7, 354, 1, 1, '2021-07-13 10:27:58', 2),
(842, 1, 9, 7, 112, 1, 1, '2021-07-13 10:28:17', 7),
(843, 1, 9, 7, 235, 1, 1, '2021-07-13 10:28:57', 1),
(844, 1, 9, 7, 162, 1, 1, '2021-07-14 16:20:50', 2),
(845, 1, 9, 7, 374, 1, 1, '2021-07-14 16:23:20', 1),
(846, 1, 9, 7, 377, 1, 1, '2021-07-14 16:25:13', 1),
(847, 1, 9, 7, 226, 1, 1, '2021-07-14 16:25:56', 1),
(848, 1, 9, 7, 225, 1, 1, '2021-07-14 16:26:53', 2),
(849, 1, 9, 7, 112, 1, 1, '2021-07-14 16:31:19', 8),
(850, 1, 9, 7, 370, 1, 1, '2021-07-14 16:31:56', 2),
(851, 1, 9, 7, 225, 1, 1, '2021-07-14 16:32:43', 3),
(852, 1, 9, 7, 377, 1, 1, '2021-07-14 16:34:17', 2),
(853, 1, 9, 7, 375, 1, 1, '2021-07-15 16:42:34', 1),
(854, 1, 9, 7, 106, 1, 1, '2021-07-15 16:43:49', 6),
(855, 1, 9, 7, 74, 1, 1, '2021-07-15 16:47:12', 16),
(856, 1, 9, 7, 154, 1, 1, '2021-07-16 16:44:14', 1),
(857, 1, 9, 7, 372, 1, 0, '2021-07-17 07:57:13', 1),
(858, 1, 9, 7, 231, 1, 0, '2021-07-17 07:57:49', 3),
(859, 1, 9, 7, 105, 1, 0, '2021-07-17 07:58:10', 3),
(860, 1, 9, 7, 154, 1, 0, '2021-07-17 07:58:35', 0),
(861, 1, 9, 7, 58, 1, 0, '2021-07-17 07:58:53', 1),
(862, 1, 9, 7, 35, 1, 0, '2021-07-17 07:59:06', 2),
(863, 1, 9, 7, 344, 1, 0, '2021-07-17 07:59:23', 1),
(864, 1, 9, 7, 132, 1, 0, '2021-07-17 08:03:05', 3),
(865, 1, 9, 7, 150, 1, 0, '2021-07-17 08:03:25', 0),
(866, 1, 9, 7, 373, 1, 0, '2021-07-17 08:03:41', 0),
(867, 1, 9, 7, 225, 1, 1, '2021-07-17 14:58:19', 4),
(868, 1, 9, 7, 379, 1, 1, '2021-07-17 15:00:24', 1),
(869, 1, 9, 7, 106, 3, 0, '2021-07-19 15:10:21', 3),
(870, 1, 9, 7, 222, 1, 0, '2021-07-19 15:11:25', 2),
(871, 1, 9, 7, 112, 1, 0, '2021-07-19 15:12:10', 7),
(872, 1, 9, 7, 320, 1, 0, '2021-07-19 15:14:19', 3),
(873, 1, 9, 7, 314, 1, 0, '2021-07-19 15:14:44', 1),
(874, 1, 9, 7, 372, 1, 0, '2021-07-19 15:15:18', 0),
(875, 1, 9, 7, 376, 1, 0, '2021-07-19 15:15:44', 0),
(876, 1, 9, 7, 375, 1, 0, '2021-07-19 15:16:16', 0),
(877, 1, 9, 7, 123, 1, 0, '2021-07-19 15:17:41', 4),
(878, 1, 9, 7, 124, 1, 0, '2021-07-19 15:19:29', 2),
(879, 1, 9, 7, 111, 1, 0, '2021-07-19 15:20:12', 0),
(880, 1, 9, 7, 374, 1, 0, '2021-07-19 15:20:49', 0),
(881, 1, 9, 7, 113, 1, 0, '2021-07-19 15:21:23', 7),
(882, 1, 9, 7, 106, 1, 0, '2021-07-19 15:21:52', 2),
(883, 1, 9, 7, 377, 2, 0, '2021-07-19 15:22:21', 0),
(884, 1, 9, 7, 162, 1, 0, '2021-07-19 15:22:55', 1),
(885, 1, 9, 7, 379, 1, 0, '2021-07-19 15:23:17', 0),
(886, 1, 9, 7, 124, 1, 0, '2021-07-19 15:23:46', 1),
(887, 1, 9, 7, 112, 1, 0, '2021-07-19 15:24:22', 6),
(888, 1, 9, 7, 132, 1, 0, '2021-07-19 15:25:13', 2),
(889, 1, 9, 7, 132, 1, 0, '2021-07-19 15:25:53', 1),
(890, 1, 9, 7, 140, 1, 0, '2021-07-19 15:26:14', 0),
(891, 1, 9, 7, 74, 1, 0, '2021-07-19 15:26:46', 15),
(892, 1, 9, 7, 57, 1, 0, '2021-07-19 15:27:04', 2),
(893, 1, 9, 7, 129, 1, 0, '2021-07-19 15:27:27', 3),
(894, 1, 9, 7, 113, 1, 1, '2021-07-19 16:21:57', 8),
(895, 1, 9, 7, 74, 1, 1, '2021-07-19 16:22:34', 16),
(896, 1, 9, 7, 46, 1, 1, '2021-07-19 16:23:05', 8),
(897, 1, 9, 7, 58, 1, 1, '2021-07-19 16:23:29', 2),
(898, 1, 9, 7, 377, 1, 1, '2021-07-19 16:24:57', 1),
(899, 1, 9, 7, 369, 1, 1, '2021-07-19 16:38:21', 1),
(900, 1, 9, 7, 58, 1, 1, '2021-07-23 16:46:03', 3),
(901, 1, 9, 7, 46, 1, 1, '2021-07-23 16:46:36', 9),
(902, 1, 9, 7, 57, 1, 1, '2021-07-23 16:47:46', 3),
(903, 1, 9, 7, 46, 1, 1, '2021-07-23 16:49:10', 10),
(904, 1, 9, 7, 306, 1, 0, '2021-07-24 14:28:29', 2),
(905, 1, 9, 7, 149, 1, 0, '2021-07-24 14:28:41', 1),
(906, 1, 9, 7, 113, 1, 1, '2021-07-26 16:36:21', 9),
(907, 1, 9, 7, 46, 4, 0, '2021-07-27 16:16:11', 6),
(908, 1, 9, 7, 291, 1, 0, '2021-07-27 16:16:23', 2),
(909, 1, 9, 7, 89, 1, 1, '2021-07-28 08:22:36', 16),
(910, 1, 9, 7, 74, 1, 1, '2021-07-28 08:23:48', 17),
(911, 1, 9, 7, 134, 1, 1, '2021-07-28 08:25:16', 7),
(912, 1, 9, 7, 112, 1, 1, '2021-07-28 08:26:05', 7),
(913, 1, 9, 7, 96, 1, 1, '2021-07-28 08:26:44', 11),
(914, 1, 9, 7, 374, 1, 1, '2021-07-28 08:43:50', 1),
(915, 1, 9, 7, 74, 1, 1, '2021-07-28 10:17:59', 18),
(916, 1, 9, 7, 378, 1, 1, '2021-07-30 08:07:15', 1),
(917, 1, 9, 7, 106, 1, 1, '2021-07-30 08:08:00', 3),
(918, 1, 9, 7, 381, 1, 1, '2021-07-30 08:09:38', 1),
(919, 1, 9, 7, 89, 1, 1, '2021-07-30 08:26:45', 17),
(920, 1, 9, 7, 386, 1, 1, '2021-07-30 16:35:37', 1),
(921, 1, 9, 7, 113, 1, 0, '2021-07-31 11:11:08', 8),
(922, 1, 9, 7, 58, 1, 0, '2021-07-31 11:12:19', 2),
(923, 1, 9, 7, 57, 1, 0, '2021-07-31 11:13:08', 2),
(924, 1, 9, 7, 112, 1, 0, '2021-07-31 11:13:31', 6),
(925, 1, 9, 7, 74, 1, 0, '2021-07-31 11:13:57', 17),
(926, 1, 9, 7, 74, 1, 0, '2021-07-31 11:49:15', 16),
(927, 1, 9, 7, 381, 1, 0, '2021-07-31 11:50:00', 0),
(928, 1, 9, 7, 386, 1, 0, '2021-07-31 11:50:35', 0),
(929, 1, 9, 7, 374, 1, 0, '2021-07-31 11:51:06', 0),
(930, 1, 9, 7, 112, 1, 1, '2021-07-31 14:40:52', 7),
(931, 1, 9, 7, 388, 1, 1, '2021-07-31 14:46:21', 1),
(932, 1, 9, 7, 141, 1, 0, '2021-07-31 14:49:47', 0),
(933, 1, 9, 7, 115, 1, 0, '2021-07-31 14:56:17', 0),
(934, 1, 9, 7, 112, 1, 1, '2021-08-02 09:07:49', 8),
(935, 1, 9, 7, 164, 1, 1, '2021-08-02 09:32:04', 2),
(936, 1, 9, 7, 96, 1, 1, '2021-08-02 09:38:53', 12),
(937, 1, 9, 7, 105, 1, 0, '2021-08-06 10:01:05', 2),
(938, 1, 9, 7, 111, 1, 1, '2021-08-06 14:33:13', 1),
(939, 1, 9, 7, 106, 1, 1, '2021-08-06 14:33:55', 4),
(940, 1, 9, 7, 233, 1, 1, '2021-08-06 14:34:29', 1),
(941, 1, 9, 7, 57, 1, 1, '2021-08-06 14:34:57', 3),
(942, 1, 9, 7, 111, 1, 0, '2021-08-06 14:40:46', 0),
(943, 1, 9, 7, 225, 1, 0, '2021-08-07 15:03:47', 3),
(944, 1, 9, 7, 74, 1, 0, '2021-08-07 15:04:15', 15),
(945, 1, 9, 7, 225, 1, 0, '2021-08-07 15:04:28', 2),
(946, 1, 9, 7, 388, 1, 0, '2021-08-09 09:58:00', 0),
(947, 1, 9, 7, 164, 1, 0, '2021-08-09 09:58:18', 1),
(948, 1, 9, 7, 233, 1, 0, '2021-08-09 09:58:42', 0),
(949, 1, 9, 7, 140, 1, 1, '2021-08-09 14:57:53', 1),
(950, 1, 9, 7, 74, 2, 1, '2021-08-09 14:58:44', 17),
(951, 1, 9, 7, 58, 1, 1, '2021-08-09 15:17:40', 3),
(952, 1, 9, 7, 387, 1, 1, '2021-08-09 15:18:33', 1),
(953, 1, 9, 7, 134, 1, 1, '2021-08-09 15:19:32', 8),
(954, 1, 9, 7, 387, 1, 0, '2021-08-09 15:26:36', 0),
(955, 1, 9, 7, 74, 2, 0, '2021-08-10 13:33:33', 15),
(956, 1, 9, 7, 96, 3, 0, '2021-08-10 13:49:19', 9),
(957, 1, 9, 7, 95, 1, 0, '2021-08-10 13:49:46', 4),
(958, 1, 9, 7, 390, 1, 1, '2021-08-10 15:54:24', 1),
(959, 1, 9, 7, 389, 1, 1, '2021-08-10 15:54:56', 1),
(960, 1, 9, 7, 106, 1, 1, '2021-08-10 15:55:24', 5),
(961, 1, 9, 7, 150, 1, 1, '2021-08-10 15:55:55', 1),
(962, 1, 9, 7, 74, 1, 0, '2021-08-10 16:12:28', 14),
(963, 1, 9, 7, 165, 1, 0, '2021-08-12 10:36:30', 1),
(964, 1, 9, 7, 113, 1, 1, '2021-08-12 15:56:58', 9),
(965, 1, 9, 7, 157, 1, 1, '2021-08-12 15:57:25', 3),
(966, 1, 9, 7, 58, 1, 1, '2021-08-12 15:57:55', 4),
(967, 1, 9, 7, 314, 1, 1, '2021-08-12 15:58:23', 2),
(968, 1, 9, 7, 106, 1, 1, '2021-08-12 15:58:48', 6),
(969, 1, 9, 7, 150, 1, 1, '2021-08-12 15:59:24', 2),
(970, 1, 9, 7, 305, 1, 1, '2021-08-12 15:59:57', 2),
(971, 1, 9, 7, 389, 1, 0, '2021-08-12 16:06:45', 0),
(972, 1, 9, 7, 112, 1, 1, '2021-08-12 16:17:01', 9),
(973, 1, 9, 7, 124, 1, 1, '2021-08-12 16:17:15', 2),
(974, 1, 9, 7, 124, 1, 0, '2021-08-14 13:55:42', 1),
(975, 1, 9, 7, 112, 1, 0, '2021-08-14 13:56:05', 8),
(976, 1, 9, 7, 58, 1, 0, '2021-08-14 13:57:09', 3),
(977, 1, 9, 7, 58, 1, 0, '2021-08-14 13:57:22', 2),
(978, 1, 9, 7, 134, 1, 0, '2021-08-14 13:58:11', 7),
(979, 1, 9, 7, 134, 1, 0, '2021-08-14 13:58:24', 6),
(980, 1, 9, 7, 142, 1, 0, '2021-08-14 14:01:46', 0),
(981, 1, 9, 7, 132, 1, 0, '2021-08-14 14:03:07', 0),
(982, 1, 9, 7, 378, 1, 0, '2021-08-14 14:03:29', 0),
(983, 1, 9, 7, 57, 1, 0, '2021-08-14 14:03:41', 2),
(984, 1, 9, 7, 74, 1, 0, '2021-08-14 14:04:00', 13),
(985, 1, 9, 7, 106, 1, 0, '2021-08-14 14:05:41', 5),
(986, 1, 9, 7, 106, 1, 0, '2021-08-14 14:05:53', 4),
(987, 1, 9, 7, 150, 1, 0, '2021-08-14 14:06:11', 1),
(988, 1, 9, 7, 150, 1, 0, '2021-08-14 14:06:27', 0),
(989, 1, 9, 7, 35, 1, 0, '2021-08-14 14:06:40', 1),
(990, 1, 9, 7, 35, 1, 0, '2021-08-14 14:06:52', 0),
(991, 1, 9, 7, 141, 1, 1, '2021-08-14 14:27:42', 1),
(992, 1, 9, 7, 26, 1, 1, '2021-08-14 14:28:10', 1),
(993, 1, 9, 7, 391, 1, 1, '2021-08-14 14:28:40', 1),
(994, 1, 9, 7, 26, 1, 1, '2021-08-14 14:29:06', 2),
(995, 1, 9, 7, 393, 1, 1, '2021-08-14 14:29:21', 1),
(996, 1, 9, 7, 391, 1, 0, '2021-08-14 14:30:40', 0),
(997, 1, 9, 7, 26, 1, 0, '2021-08-14 14:31:16', 1),
(998, 1, 9, 7, 26, 1, 0, '2021-08-14 14:31:32', 0),
(999, 1, 9, 7, 141, 1, 0, '2021-08-14 14:32:02', 0),
(1000, 1, 9, 7, 393, 1, 0, '2021-08-16 09:21:51', 0),
(1001, 1, 9, 7, 134, 1, 0, '2021-08-16 09:27:30', 5),
(1002, 1, 9, 7, 130, 1, 0, '2021-08-18 16:37:44', 4),
(1003, 1, 9, 7, 321, 1, 0, '2021-08-19 13:43:46', 4),
(1004, 1, 9, 7, 112, 1, 1, '2021-08-21 08:31:31', 9),
(1005, 1, 9, 7, 105, 1, 1, '2021-08-21 08:31:54', 3),
(1006, 1, 9, 7, 162, 1, 1, '2021-08-21 08:32:20', 2),
(1007, 1, 9, 7, 155, 1, 1, '2021-08-21 08:32:45', 4),
(1008, 1, 9, 7, 132, 1, 1, '2021-08-21 08:33:08', 1),
(1009, 1, 9, 7, 57, 1, 1, '2021-08-21 08:33:39', 3),
(1010, 1, 9, 7, 149, 1, 1, '2021-08-21 08:34:04', 2),
(1011, 1, 9, 7, 130, 1, 1, '2021-08-21 08:34:46', 5),
(1012, 1, 9, 7, 41, 1, 1, '2021-08-21 08:35:34', 1),
(1013, 1, 9, 7, 57, 1, 1, '2021-08-21 08:35:55', 4),
(1014, 1, 9, 7, 96, 1, 1, '2021-08-21 08:36:22', 10),
(1015, 1, 9, 7, 142, 1, 1, '2021-08-21 08:36:44', 1),
(1016, 1, 9, 7, 58, 1, 1, '2021-08-21 08:37:05', 3),
(1017, 1, 9, 7, 106, 1, 1, '2021-08-21 08:42:30', 5),
(1018, 1, 9, 7, 96, 1, 1, '2021-08-21 08:43:10', 11),
(1019, 1, 9, 7, 41, 1, 1, '2021-08-21 08:43:38', 2),
(1020, 1, 9, 7, 58, 1, 1, '2021-08-21 08:44:25', 4),
(1021, 1, 9, 7, 96, 1, 1, '2021-08-21 08:44:48', 12),
(1022, 1, 9, 7, 87, 1, 0, '2021-08-21 14:33:59', 6),
(1023, 1, 9, 7, 106, 1, 0, '2021-08-21 14:34:18', 4),
(1024, 1, 9, 7, 141, 1, 1, '2021-08-21 14:34:59', 1),
(1025, 1, 9, 7, 141, 1, 0, '2021-08-21 14:35:21', 0),
(1026, 1, 9, 7, 35, 1, 1, '2021-08-21 14:36:38', 1),
(1027, 1, 9, 7, 35, 1, 0, '2021-08-21 14:37:58', 0),
(1028, 1, 9, 7, 35, 1, 1, '2021-08-21 14:40:01', 1),
(1029, 1, 9, 7, 35, 1, 0, '2021-08-21 14:40:45', 0),
(1030, 1, 9, 7, 58, 1, 0, '2021-08-21 14:41:30', 3),
(1031, 1, 9, 7, 58, 1, 0, '2021-08-21 14:41:49', 2),
(1032, 1, 9, 7, 35, 1, 1, '2021-08-21 14:42:45', 1),
(1033, 1, 9, 7, 35, 1, 0, '2021-08-21 14:42:59', 0),
(1034, 1, 9, 7, 155, 1, 0, '2021-08-23 08:23:19', 3),
(1035, 1, 9, 7, 392, 1, 1, '2021-08-23 08:45:49', 1),
(1036, 1, 9, 7, 392, 1, 0, '2021-08-23 08:46:08', 0),
(1037, 1, 9, 7, 314, 1, 0, '2021-08-24 11:12:15', 1),
(1038, 1, 9, 7, 157, 1, 0, '2021-08-24 11:12:55', 2),
(1039, 1, 9, 7, 113, 1, 0, '2021-08-24 11:13:15', 8);
INSERT INTO `stock` (`stock_id`, `warehouse_id`, `user_id`, `shelf_id`, `product_id`, `product_amount`, `type`, `datetime`, `ending_amount`) VALUES
(1040, 1, 9, 7, 96, 9, 0, '2021-08-24 11:14:50', 3),
(1041, 1, 9, 7, 390, 1, 0, '2021-08-24 11:15:42', 0),
(1042, 1, 9, 7, 113, 1, 0, '2021-08-24 11:16:04', 7),
(1043, 1, 9, 7, 305, 1, 0, '2021-08-24 11:16:21', 1),
(1044, 1, 9, 7, 89, 2, 0, '2021-08-24 11:17:23', 15),
(1045, 1, 9, 7, 123, 2, 0, '2021-08-24 11:19:21', 2),
(1046, 1, 9, 7, 87, 1, 0, '2021-08-24 11:19:42', 5),
(1047, 1, 9, 7, 134, 1, 0, '2021-08-24 11:20:04', 4),
(1048, 1, 9, 7, 123, 1, 0, '2021-08-24 11:22:14', 1),
(1049, 1, 9, 7, 113, 1, 0, '2021-08-24 11:24:13', 6),
(1050, 1, 9, 7, 123, 1, 1, '2021-08-24 15:16:24', 2),
(1051, 1, 9, 7, 96, 1, 1, '2021-08-24 15:16:57', 4),
(1052, 1, 9, 7, 113, 1, 1, '2021-08-24 15:17:12', 7),
(1053, 1, 9, 7, 26, 1, 1, '2021-08-24 15:17:32', 1),
(1054, 1, 9, 7, 96, 1, 1, '2021-08-24 15:17:51', 5),
(1055, 1, 9, 7, 394, 1, 1, '2021-08-24 16:12:14', 1),
(1056, 1, 9, 7, 87, 1, 1, '2021-08-24 16:12:29', 6),
(1057, 1, 9, 7, 41, 2, 0, '2021-08-25 13:28:41', 0),
(1058, 1, 9, 7, 225, 1, 1, '2021-08-26 15:31:07', 3),
(1059, 1, 9, 7, 157, 2, 0, '2021-08-27 15:01:41', 0),
(1060, 1, 9, 7, 377, 1, 0, '2021-08-27 15:02:18', 0),
(1061, 1, 9, 7, 395, 1, 1, '2021-08-28 10:12:34', 1),
(1062, 1, 9, 7, 395, 1, 0, '2021-08-28 10:12:54', 0),
(1063, 1, 9, 7, 394, 1, 0, '2021-08-28 10:25:45', 0),
(1064, 1, 9, 7, 106, 1, 1, '2021-08-28 13:34:27', 5),
(1065, 1, 9, 7, 132, 1, 1, '2021-08-28 13:50:48', 2),
(1066, 1, 9, 7, 123, 1, 1, '2021-08-28 13:51:02', 3),
(1067, 1, 9, 7, 396, 1, 1, '2021-08-28 13:51:30', 1),
(1068, 1, 9, 7, 396, 1, 1, '2021-08-28 13:51:45', 2),
(1069, 1, 9, 7, 123, 1, 1, '2021-08-28 13:52:04', 4),
(1070, 1, 9, 7, 74, 1, 1, '2021-08-28 13:52:23', 14),
(1071, 1, 9, 7, 396, 2, 0, '2021-08-28 14:07:48', 0),
(1072, 1, 9, 7, 126, 1, 0, '2021-08-30 15:16:33', 0),
(1073, 1, 9, 7, 123, 1, 1, '2021-09-01 13:17:40', 5),
(1074, 1, 9, 7, 123, 1, 1, '2021-09-01 13:17:50', 6),
(1075, 1, 9, 7, 87, 1, 1, '2021-09-01 13:18:11', 7),
(1076, 1, 9, 7, 87, 1, 1, '2021-09-01 13:18:20', 8),
(1077, 1, 9, 7, 87, 1, 1, '2021-09-01 13:18:32', 9),
(1078, 1, 9, 7, 400, 1, 1, '2021-09-01 13:18:44', 1),
(1079, 1, 9, 7, 132, 1, 0, '2021-09-02 14:08:16', 1),
(1080, 1, 9, 7, 123, 1, 0, '2021-09-02 14:08:29', 5),
(1081, 1, 9, 7, 402, 2, 1, '2021-09-02 16:23:04', 2),
(1082, 1, 9, 7, 106, 2, 1, '2021-09-02 16:24:12', 7),
(1083, 1, 9, 7, 123, 2, 1, '2021-09-02 16:24:37', 7),
(1084, 1, 9, 7, 129, 1, 1, '2021-09-02 16:26:05', 4),
(1085, 1, 9, 7, 143, 1, 1, '2021-09-02 16:26:25', 8),
(1086, 1, 9, 7, 113, 1, 1, '2021-09-02 16:26:56', 8),
(1087, 1, 9, 7, 112, 1, 1, '2021-09-02 16:27:16', 10),
(1088, 1, 9, 7, 140, 1, 1, '2021-09-02 16:27:32', 2),
(1089, 1, 9, 10, 155, 1, 1, '2021-09-02 16:27:48', 4),
(1090, 1, 9, 7, 59, 1, 1, '2021-09-02 16:28:12', 5),
(1091, 1, 9, 10, 72, 2, 1, '2021-09-02 16:28:34', 6),
(1092, 1, 9, 7, 222, 3, 1, '2021-09-02 16:28:53', 5),
(1093, 1, 9, 7, 89, 1, 1, '2021-09-02 16:31:04', 16),
(1094, 1, 9, 7, 96, 3, 1, '2021-09-02 16:31:30', 8),
(1095, 1, 9, 7, 97, 1, 1, '2021-09-02 16:31:54', 1),
(1096, 1, 9, 7, 130, 1, 1, '2021-09-02 16:32:26', 6),
(1097, 1, 9, 7, 121, 1, 1, '2021-09-02 16:32:41', 4),
(1098, 1, 9, 7, 76, 1, 1, '2021-09-02 16:32:53', 15),
(1099, 1, 9, 7, 57, 1, 1, '2021-09-02 16:33:06', 5),
(1100, 1, 9, 7, 76, 1, 1, '2021-09-03 15:53:47', 16),
(1101, 1, 9, 7, 96, 1, 1, '2021-09-04 13:22:57', 9),
(1102, 1, 9, 7, 96, 1, 0, '2021-09-04 14:05:04', 8),
(1103, 1, 9, 7, 232, 1, 0, '2021-09-06 16:14:09', 1),
(1104, 1, 9, 7, 112, 1, 1, '2021-09-07 15:24:08', 11),
(1105, 1, 9, 7, 58, 1, 1, '2021-09-07 15:25:07', 3),
(1106, 1, 9, 7, 76, 1, 1, '2021-09-07 15:25:51', 17),
(1107, 1, 9, 7, 76, 1, 1, '2021-09-07 15:26:02', 18),
(1108, 1, 9, 7, 35, 2, 1, '2021-09-07 15:26:26', 2),
(1109, 1, 9, 7, 113, 1, 1, '2021-09-07 15:26:50', 9),
(1110, 1, 9, 7, 123, 1, 1, '2021-09-07 15:27:28', 8),
(1111, 1, 9, 7, 123, 1, 1, '2021-09-07 15:27:40', 9),
(1112, 1, 9, 7, 123, 1, 1, '2021-09-07 15:27:48', 10),
(1113, 1, 9, 7, 48, 1, 1, '2021-09-07 15:28:14', 1),
(1114, 1, 9, 7, 48, 1, 1, '2021-09-07 15:28:21', 2),
(1115, 1, 9, 7, 105, 2, 1, '2021-09-07 15:28:46', 5),
(1116, 1, 9, 7, 105, 1, 1, '2021-09-07 15:28:55', 6),
(1117, 1, 9, 7, 105, 1, 1, '2021-09-07 15:28:59', 7),
(1118, 1, 9, 7, 398, 1, 1, '2021-09-07 15:29:17', 1),
(1119, 1, 9, 7, 226, 1, 1, '2021-09-07 15:29:42', 2),
(1120, 1, 9, 7, 96, 1, 1, '2021-09-07 15:30:07', 9),
(1121, 1, 9, 7, 225, 2, 1, '2021-09-07 15:34:09', 5),
(1122, 1, 9, 7, 400, 1, 0, '2021-09-09 15:54:14', 0),
(1123, 1, 9, 7, 399, 1, 1, '2021-09-09 15:55:39', 1),
(1124, 1, 9, 7, 399, 1, 0, '2021-09-09 15:56:13', 0),
(1125, 1, 9, 7, 149, 1, 0, '2021-09-13 08:28:22', 1),
(1126, 1, 9, 7, 142, 1, 0, '2021-09-13 08:28:50', 0),
(1127, 1, 9, 7, 129, 2, 0, '2021-09-13 08:30:35', 2),
(1128, 1, 9, 7, 35, 2, 0, '2021-09-13 08:30:59', 0),
(1129, 1, 9, 7, 34, 3, 0, '2021-09-13 08:31:36', 0),
(1130, 1, 9, 7, 113, 2, 0, '2021-09-13 08:31:51', 7),
(1131, 1, 9, 7, 34, 3, 1, '2021-09-13 08:33:22', 3),
(1132, 1, 9, 7, 226, 2, 0, '2021-09-13 08:33:52', 0),
(1133, 1, 9, 7, 225, 2, 0, '2021-09-13 08:34:02', 3),
(1134, 1, 9, 7, 113, 2, 0, '2021-09-13 08:34:16', 5),
(1135, 1, 9, 7, 113, 2, 1, '2021-09-13 08:34:58', 7),
(1136, 1, 9, 7, 397, 1, 1, '2021-09-13 08:35:36', 1),
(1137, 1, 9, 7, 397, 1, 0, '2021-09-13 08:35:51', 0),
(1138, 1, 9, 7, 89, 3, 0, '2021-09-13 08:36:11', 13),
(1139, 1, 9, 7, 96, 1, 0, '2021-09-13 08:36:21', 8),
(1140, 1, 9, 7, 105, 2, 0, '2021-09-13 08:37:03', 5),
(1141, 1, 9, 7, 105, 1, 1, '2021-09-13 09:33:02', 6),
(1142, 1, 9, 7, 113, 1, 1, '2021-09-13 16:17:08', 8),
(1143, 1, 9, 7, 76, 1, 1, '2021-09-13 16:21:17', 19),
(1144, 1, 9, 7, 226, 1, 1, '2021-09-13 16:21:49', 1),
(1145, 1, 9, 7, 256, 1, 1, '2021-09-13 16:22:11', 5),
(1146, 1, 9, 7, 225, 1, 1, '2021-09-13 16:22:23', 4),
(1147, 1, 9, 7, 58, 1, 1, '2021-09-13 16:22:35', 4),
(1148, 1, 9, 7, 76, 1, 1, '2021-09-13 16:22:49', 20),
(1149, 1, 9, 7, 134, 1, 1, '2021-09-13 16:23:04', 5),
(1150, 1, 9, 7, 76, 2, 1, '2021-09-13 16:29:31', 22),
(1151, 1, 9, 7, 256, 1, 1, '2021-09-13 16:30:00', 6),
(1152, 1, 9, 7, 226, 1, 1, '2021-09-13 16:30:26', 2),
(1153, 1, 9, 7, 76, 1, 1, '2021-09-13 16:30:46', 23),
(1154, 1, 9, 7, 113, 1, 1, '2021-09-13 16:31:43', 9),
(1155, 1, 9, 7, 226, 1, 1, '2021-09-13 16:32:34', 3),
(1156, 1, 9, 7, 106, 1, 1, '2021-09-13 16:32:46', 8),
(1157, 1, 9, 7, 76, 1, 1, '2021-09-13 16:33:05', 24),
(1158, 1, 9, 7, 123, 1, 1, '2021-09-13 16:33:40', 11),
(1159, 1, 9, 7, 226, 1, 1, '2021-09-13 16:34:02', 4),
(1160, 1, 9, 7, 134, 1, 1, '2021-09-13 16:34:21', 6),
(1161, 1, 9, 7, 89, 1, 1, '2021-09-13 16:34:43', 14),
(1162, 1, 9, 7, 48, 1, 1, '2021-09-13 16:34:59', 3),
(1163, 1, 9, 7, 113, 1, 1, '2021-09-13 16:35:15', 10),
(1164, 1, 9, 7, 89, 1, 1, '2021-09-13 16:35:32', 15),
(1165, 1, 9, 7, 226, 1, 1, '2021-09-13 16:35:46', 5),
(1166, 1, 9, 7, 89, 1, 1, '2021-09-13 16:36:01', 16),
(1167, 1, 9, 7, 35, 1, 1, '2021-09-14 15:22:48', 1),
(1168, 1, 9, 7, 225, 1, 1, '2021-09-14 15:22:59', 5),
(1169, 1, 9, 7, 105, 1, 1, '2021-09-14 15:23:12', 7),
(1170, 1, 9, 7, 401, 1, 1, '2021-09-14 15:23:20', 1),
(1171, 1, 9, 7, 226, 1, 1, '2021-09-14 15:23:33', 6),
(1172, 1, 9, 7, 226, 1, 0, '2021-09-15 10:46:29', 5),
(1173, 1, 9, 7, 226, 1, 0, '2021-09-15 10:47:07', 4),
(1174, 1, 9, 7, 105, 4, 0, '2021-09-15 10:47:55', 3),
(1175, 1, 9, 7, 106, 1, 0, '2021-09-15 10:48:13', 7),
(1176, 1, 9, 7, 87, 3, 0, '2021-09-15 10:48:31', 6),
(1177, 1, 9, 7, 123, 2, 0, '2021-09-15 10:48:57', 9),
(1178, 1, 9, 7, 76, 4, 0, '2021-09-15 10:49:43', 20),
(1179, 1, 9, 7, 74, 1, 0, '2021-09-15 10:49:59', 13),
(1180, 1, 9, 7, 48, 2, 0, '2021-09-15 10:50:16', 1),
(1181, 1, 9, 7, 226, 3, 0, '2021-09-15 10:50:44', 1),
(1182, 1, 9, 7, 225, 2, 0, '2021-09-15 10:50:58', 3),
(1183, 1, 9, 7, 134, 1, 0, '2021-09-15 10:51:17', 5),
(1184, 1, 9, 7, 48, 1, 0, '2021-09-15 10:51:44', 0),
(1185, 1, 9, 7, 226, 1, 0, '2021-09-15 10:52:37', 0),
(1186, 1, 9, 7, 76, 7, 0, '2021-09-15 10:53:11', 13),
(1187, 1, 9, 7, 256, 1, 0, '2021-09-15 10:53:39', 5),
(1188, 1, 9, 7, 222, 1, 0, '2021-09-15 10:53:55', 4),
(1189, 1, 9, 7, 89, 1, 0, '2021-09-15 10:54:08', 15),
(1190, 1, 9, 7, 123, 1, 0, '2021-09-15 10:54:46', 8),
(1191, 1, 9, 7, 256, 1, 0, '2021-09-15 10:55:02', 4),
(1192, 1, 9, 7, 256, 3, 0, '2021-09-15 10:55:30', 1),
(1193, 1, 9, 7, 96, 1, 0, '2021-09-16 15:35:50', 7),
(1194, 1, 9, 7, 149, 1, 1, '2021-09-16 15:47:09', 2),
(1195, 1, 9, 7, 226, 1, 1, '2021-09-16 15:47:19', 1),
(1196, 1, 9, 7, 226, 1, 1, '2021-09-16 15:47:29', 2),
(1197, 1, 9, 7, 76, 1, 1, '2021-09-16 15:47:42', 14),
(1198, 1, 9, 7, 105, 1, 1, '2021-09-16 15:49:35', 4),
(1199, 1, 9, 7, 155, 1, 1, '2021-09-16 15:49:47', 5),
(1200, 1, 9, 7, 226, 1, 1, '2021-09-16 15:51:57', 3),
(1201, 1, 9, 7, 134, 1, 1, '2021-09-16 15:52:20', 6),
(1202, 1, 9, 7, 123, 1, 1, '2021-09-16 15:55:08', 9),
(1203, 1, 9, 7, 96, 1, 1, '2021-09-16 15:55:17', 8),
(1204, 1, 9, 7, 26, 1, 1, '2021-09-17 10:27:23', 2),
(1205, 1, 9, 7, 35, 1, 1, '2021-09-17 15:46:38', 2),
(1206, 1, 9, 7, 256, 1, 1, '2021-09-17 15:46:54', 2),
(1207, 1, 9, 7, 124, 1, 1, '2021-09-17 15:47:03', 2),
(1208, 1, 9, 7, 286, 1, 0, '2021-09-17 16:46:12', 0),
(1209, 1, 9, 7, 361, 1, 1, '2021-09-18 11:33:24', 2),
(1210, 1, 9, 7, 149, 1, 0, '2021-09-18 11:33:59', 1),
(1211, 1, 9, 7, 124, 1, 0, '2021-09-18 11:34:15', 1),
(1212, 1, 9, 7, 361, 1, 0, '2021-09-18 11:34:33', 1),
(1213, 1, 9, 7, 105, 1, 1, '2021-09-20 09:26:50', 5),
(1214, 1, 9, 7, 96, 1, 1, '2021-09-21 15:42:14', 9),
(1215, 1, 9, 7, 390, 1, 1, '2021-09-21 15:43:00', 1),
(1216, 1, 9, 7, 163, 1, 1, '2021-09-21 15:43:17', 3),
(1217, 1, 9, 7, 58, 1, 1, '2021-09-21 15:43:30', 5),
(1218, 1, 9, 7, 256, 1, 1, '2021-09-21 15:43:43', 3),
(1219, 1, 9, 7, 226, 1, 1, '2021-09-21 15:43:58', 4),
(1220, 1, 9, 7, 320, 1, 1, '2021-09-21 15:44:12', 4),
(1221, 1, 9, 7, 226, 1, 1, '2021-09-21 15:44:23', 5),
(1222, 1, 9, 7, 113, 1, 1, '2021-09-21 15:44:36', 11),
(1223, 1, 9, 7, 369, 1, 1, '2021-09-21 15:44:52', 2),
(1224, 1, 9, 7, 123, 1, 1, '2021-09-21 15:45:03', 10),
(1225, 1, 9, 7, 403, 1, 1, '2021-09-21 15:57:22', 1),
(1226, 1, 9, 7, 123, 1, 1, '2021-09-21 15:57:44', 11),
(1227, 1, 9, 7, 256, 1, 1, '2021-09-21 15:57:54', 4),
(1228, 1, 9, 7, 89, 1, 0, '2021-09-24 11:31:12', 14),
(1229, 1, 9, 7, 134, 1, 0, '2021-09-24 11:31:31', 5),
(1230, 1, 9, 7, 243, 1, 0, '2021-09-24 11:31:41', 2),
(1231, 1, 9, 7, 256, 1, 0, '2021-09-24 15:14:31', 3),
(1232, 1, 9, 7, 370, 1, 0, '2021-09-27 14:28:28', 1),
(1233, 1, 9, 7, 123, 1, 0, '2021-09-27 14:28:44', 10),
(1234, 1, 9, 7, 369, 1, 0, '2021-09-27 14:28:56', 1),
(1235, 1, 9, 7, 124, 1, 1, '2021-09-28 15:46:29', 2),
(1236, 1, 9, 7, 89, 1, 1, '2021-09-28 15:46:39', 15),
(1237, 1, 9, 7, 96, 1, 1, '2021-09-28 15:46:48', 10),
(1238, 1, 9, 7, 147, 1, 1, '2021-09-28 15:47:00', 1),
(1239, 1, 9, 7, 226, 1, 1, '2021-09-28 15:47:10', 6),
(1240, 1, 9, 7, 105, 1, 1, '2021-09-28 15:47:27', 6),
(1241, 1, 9, 7, 167, 1, 1, '2021-09-28 15:47:38', 1),
(1242, 1, 9, 7, 74, 4, 1, '2021-09-28 15:47:51', 17),
(1243, 1, 9, 7, 89, 1, 1, '2021-09-28 15:48:49', 16),
(1244, 1, 9, 7, 96, 1, 1, '2021-09-29 13:57:02', 11),
(1245, 1, 9, 7, 396, 3, 1, '2021-09-29 13:57:21', 3),
(1246, 1, 9, 7, 96, 1, 1, '2021-09-29 13:58:17', 12),
(1247, 1, 9, 7, 226, 1, 1, '2021-09-29 16:02:54', 7),
(1248, 1, 9, 7, 96, 1, 1, '2021-09-29 16:03:12', 13),
(1249, 1, 9, 7, 123, 1, 1, '2021-09-29 16:03:29', 11),
(1250, 1, 9, 7, 320, 1, 1, '2021-09-29 16:03:41', 5),
(1251, 1, 9, 7, 123, 1, 1, '2021-09-29 16:03:53', 12),
(1252, 1, 9, 7, 404, 1, 1, '2021-09-29 16:09:53', 1),
(1253, 1, 9, 7, 89, 1, 1, '2021-09-29 16:10:11', 17),
(1254, 1, 9, 7, 243, 1, 1, '2021-09-29 16:10:25', 3),
(1255, 1, 9, 7, 74, 1, 1, '2021-09-29 16:15:53', 18),
(1256, 1, 9, 7, 105, 1, 1, '2021-09-29 16:16:07', 7),
(1257, 1, 9, 7, 74, 1, 1, '2021-09-29 16:16:19', 19),
(1258, 1, 9, 7, 58, 5, 0, '2021-09-30 10:02:41', 0),
(1259, 1, 9, 7, 113, 1, 0, '2021-09-30 10:03:42', 10),
(1260, 1, 9, 7, 35, 1, 0, '2021-09-30 10:06:40', 1),
(1261, 1, 9, 7, 57, 1, 0, '2021-09-30 10:07:20', 4),
(1262, 1, 9, 7, 112, 1, 0, '2021-09-30 10:07:43', 10),
(1263, 1, 9, 7, 226, 5, 0, '2021-09-30 10:08:14', 2),
(1264, 1, 9, 7, 74, 1, 0, '2021-09-30 10:08:43', 18),
(1265, 1, 9, 7, 256, 3, 0, '2021-09-30 10:09:07', 0),
(1266, 1, 9, 7, 74, 1, 0, '2021-09-30 10:09:30', 17),
(1267, 1, 9, 7, 74, 3, 0, '2021-09-30 10:11:31', 14),
(1268, 1, 9, 7, 96, 4, 0, '2021-09-30 10:12:13', 9),
(1269, 1, 9, 7, 89, 4, 0, '2021-09-30 10:12:34', 13),
(1270, 1, 9, 7, 405, 1, 1, '2021-09-30 16:24:06', 1),
(1271, 1, 9, 7, 408, 1, 1, '2021-09-30 16:25:33', 1),
(1272, 1, 9, 7, 405, 1, 0, '2021-09-30 16:25:49', 0),
(1273, 1, 9, 7, 35, 1, 1, '2021-10-01 09:11:55', 2),
(1274, 1, 9, 7, 168, 1, 1, '2021-10-01 09:12:11', 1),
(1275, 1, 9, 7, 96, 1, 0, '2021-10-02 13:14:11', 8),
(1276, 1, 9, 7, 112, 1, 0, '2021-10-02 13:15:14', 9),
(1277, 1, 9, 7, 57, 1, 0, '2021-10-02 13:17:02', 3),
(1278, 1, 9, 7, 123, 1, 0, '2021-10-02 13:17:40', 11),
(1279, 1, 9, 7, 44, 1, 0, '2021-10-02 13:18:19', 1),
(1280, 1, 9, 7, 130, 1, 0, '2021-10-02 13:18:44', 5),
(1281, 1, 9, 7, 52, 1, 0, '2021-10-02 14:07:59', 0),
(1282, 1, 9, 7, 70, 1, 0, '2021-10-02 14:11:14', 0),
(1283, 1, 9, 7, 390, 1, 0, '2021-10-02 14:11:36', 0),
(1284, 1, 9, 7, 403, 1, 0, '2021-10-02 14:11:53', 0),
(1285, 1, 9, 7, 134, 1, 0, '2021-10-02 14:27:25', 4),
(1286, 1, 9, 7, 112, 1, 0, '2021-10-02 14:27:42', 8),
(1287, 1, 9, 7, 129, 1, 0, '2021-10-02 14:28:03', 1),
(1288, 1, 9, 7, 320, 1, 0, '2021-10-02 14:28:19', 4),
(1289, 1, 9, 7, 167, 1, 0, '2021-10-02 14:32:24', 0),
(1290, 1, 9, 7, 396, 3, 0, '2021-10-02 14:33:00', 0),
(1291, 1, 9, 7, 225, 2, 0, '2021-10-02 14:33:31', 1),
(1292, 1, 9, 7, 408, 1, 0, '2021-10-02 14:33:59', 0),
(1293, 1, 9, 7, 370, 1, 0, '2021-10-02 14:34:21', 0),
(1294, 1, 9, 7, 168, 1, 0, '2021-10-02 14:34:32', 0),
(1295, 1, 9, 7, 129, 1, 0, '2021-10-02 14:35:26', 0),
(1296, 1, 9, 7, 226, 1, 1, '2021-10-02 14:36:50', 3),
(1297, 1, 9, 7, 158, 1, 1, '2021-10-02 14:40:02', 1),
(1298, 1, 9, 7, 158, 1, 1, '2021-10-02 14:40:07', 2),
(1299, 1, 9, 7, 134, 1, 1, '2021-10-02 14:40:17', 5),
(1300, 1, 9, 7, 150, 1, 1, '2021-10-02 14:41:32', 1),
(1301, 1, 9, 7, 44, 1, 1, '2021-10-02 14:41:46', 2),
(1302, 1, 9, 7, 105, 2, 1, '2021-10-02 14:42:06', 9),
(1303, 1, 9, 7, 232, 1, 1, '2021-10-02 14:42:39', 2),
(1304, 1, 9, 7, 105, 1, 1, '2021-10-02 14:42:55', 10),
(1305, 1, 9, 7, 76, 1, 1, '2021-10-02 14:43:19', 15),
(1306, 1, 9, 7, 46, 1, 0, '2021-10-04 08:39:09', 5),
(1307, 1, 9, 7, 46, 1, 0, '2021-10-04 10:29:27', 4),
(1308, 1, 9, 7, 404, 1, 0, '2021-10-05 14:27:10', 0),
(1309, 1, 9, 7, 401, 1, 0, '2021-10-05 14:27:24', 0),
(1310, 1, 9, 7, 398, 1, 0, '2021-10-05 14:27:38', 0),
(1311, 1, 9, 7, 105, 1, 0, '2021-10-05 14:27:54', 9),
(1312, 1, 9, 7, 157, 1, 1, '2021-10-05 14:29:04', 1),
(1313, 1, 9, 7, 157, 1, 0, '2021-10-05 14:29:49', 0),
(1314, 1, 9, 7, 96, 1, 0, '2021-10-08 15:29:52', 7),
(1315, 1, 9, 7, 57, 7, 1, '2021-10-08 16:33:46', 10),
(1316, 1, 9, 7, 164, 2, 1, '2021-10-08 16:41:11', 3),
(1317, 1, 9, 7, 164, 1, 1, '2021-10-08 16:41:18', 4),
(1318, 1, 9, 7, 157, 2, 1, '2021-10-08 16:42:08', 2),
(1319, 1, 9, 7, 405, 1, 1, '2021-10-09 08:15:50', 1),
(1320, 1, 9, 7, 228, 1, 1, '2021-10-09 08:16:20', 1),
(1321, 1, 9, 7, 105, 1, 1, '2021-10-09 08:17:58', 10),
(1322, 1, 9, 7, 105, 1, 1, '2021-10-09 08:18:04', 11),
(1323, 1, 9, 7, 256, 1, 1, '2021-10-09 08:18:22', 1),
(1324, 1, 9, 7, 406, 1, 1, '2021-10-09 08:18:34', 1),
(1325, 1, 9, 7, 256, 1, 1, '2021-10-09 08:18:50', 2),
(1326, 1, 9, 7, 89, 1, 1, '2021-10-09 08:19:35', 14),
(1327, 1, 9, 7, 89, 1, 1, '2021-10-09 08:19:47', 15),
(1328, 1, 9, 7, 147, 1, 1, '2021-10-09 08:20:46', 2),
(1329, 1, 9, 7, 132, 1, 0, '2021-10-11 13:50:04', 0),
(1330, 1, 9, 7, 149, 1, 0, '2021-10-13 11:12:16', 0),
(1331, 1, 9, 7, 228, 6, 1, '2021-10-13 15:21:48', 7),
(1332, 1, 9, 7, 236, 4, 1, '2021-10-13 15:22:18', 8),
(1333, 1, 9, 7, 258, 5, 1, '2021-10-13 15:22:44', 5),
(1334, 1, 9, 7, 96, 2, 1, '2021-10-13 15:23:12', 9),
(1335, 1, 9, 7, 226, 2, 1, '2021-10-13 15:23:31', 5),
(1336, 1, 9, 7, 57, 2, 1, '2021-10-13 15:23:48', 12),
(1337, 1, 9, 7, 89, 1, 1, '2021-10-13 15:24:07', 16),
(1338, 1, 9, 7, 164, 1, 1, '2021-10-13 15:24:17', 5),
(1339, 1, 9, 7, 141, 1, 1, '2021-10-13 15:24:29', 1),
(1340, 1, 9, 7, 132, 1, 1, '2021-10-14 08:08:17', 1),
(1341, 1, 9, 7, 132, 1, 1, '2021-10-14 08:08:23', 2),
(1342, 1, 9, 7, 141, 1, 1, '2021-10-16 08:18:57', 2),
(1343, 1, 9, 7, 76, 1, 1, '2021-10-16 08:19:05', 16),
(1344, 1, 9, 7, 90, 1, 1, '2021-10-16 08:19:10', 1),
(1345, 1, 9, 7, 243, 1, 1, '2021-10-16 08:19:14', 4),
(1346, 1, 9, 7, 232, 1, 1, '2021-10-16 08:19:17', 3),
(1347, 1, 9, 7, 76, 1, 1, '2021-10-16 08:19:21', 17),
(1348, 1, 9, 7, 165, 1, 1, '2021-10-16 08:19:24', 2),
(1349, 1, 9, 7, 226, 4, 1, '2021-10-16 08:19:28', 9),
(1350, 1, 9, 7, 256, 2, 1, '2021-10-16 08:19:32', 4),
(1351, 1, 9, 7, 89, 1, 1, '2021-10-16 08:19:37', 17),
(1352, 1, 9, 7, 57, 1, 1, '2021-10-16 08:19:43', 13),
(1353, 1, 9, 7, 130, 1, 1, '2021-10-16 08:19:47', 6),
(1354, 1, 9, 7, 141, 1, 1, '2021-10-16 08:20:00', 3),
(1355, 1, 9, 7, 236, 1, 1, '2021-10-16 08:20:09', 9),
(1356, 1, 9, 7, 147, 1, 1, '2021-10-16 08:20:17', 3),
(1357, 1, 9, 7, 147, 1, 1, '2021-10-16 08:20:21', 4),
(1358, 1, 9, 7, 106, 1, 0, '2021-10-16 09:09:36', 6),
(1359, 1, 9, 7, 97, 1, 0, '2021-10-16 09:09:56', 0),
(1360, 1, 9, 7, 35, 1, 0, '2021-10-16 09:10:15', 1),
(1361, 1, 9, 7, 57, 10, 0, '2021-10-16 09:10:45', 3),
(1362, 1, 9, 7, 89, 2, 0, '2021-10-16 09:11:02', 15),
(1363, 1, 9, 7, 105, 2, 0, '2021-10-16 09:11:30', 9),
(1364, 1, 9, 7, 147, 3, 0, '2021-10-16 09:11:48', 1),
(1365, 1, 9, 7, 157, 1, 0, '2021-10-16 09:12:04', 1),
(1366, 1, 9, 7, 164, 4, 0, '2021-10-16 09:13:39', 1),
(1367, 1, 9, 7, 256, 4, 0, '2021-10-16 14:33:24', 0),
(1368, 1, 9, 7, 258, 4, 0, '2021-10-16 14:33:55', 1),
(1369, 1, 9, 7, 113, 2, 0, '2021-10-16 14:34:18', 8),
(1370, 1, 9, 7, 112, 1, 0, '2021-10-16 14:34:35', 7),
(1371, 1, 9, 7, 228, 6, 0, '2021-10-16 14:35:05', 1),
(1372, 1, 9, 7, 236, 5, 0, '2021-10-16 14:35:30', 4),
(1373, 1, 9, 7, 258, 1, 0, '2021-10-16 14:37:18', 0),
(1374, 1, 9, 7, 222, 1, 0, '2021-10-18 16:45:53', 3),
(1375, 1, 9, 7, 222, 1, 0, '2021-10-18 16:46:21', 2),
(1376, 1, 9, 7, 76, 2, 1, '2021-10-21 16:45:09', 19),
(1377, 1, 9, 7, 89, 3, 1, '2021-10-21 16:45:47', 18),
(1378, 1, 9, 7, 154, 1, 1, '2021-10-21 16:46:06', 1),
(1379, 1, 9, 7, 57, 1, 1, '2021-10-21 16:46:22', 4),
(1380, 1, 9, 7, 164, 1, 1, '2021-10-21 16:46:30', 2),
(1381, 1, 9, 7, 381, 1, 1, '2021-10-21 16:46:38', 1),
(1382, 1, 9, 7, 147, 2, 1, '2021-10-21 16:46:52', 3),
(1383, 1, 9, 7, 157, 1, 1, '2021-10-23 08:31:32', 2),
(1384, 1, 9, 7, 89, 1, 1, '2021-10-23 08:31:37', 19),
(1385, 1, 9, 7, 233, 4, 1, '2021-10-23 08:31:55', 4),
(1386, 1, 9, 7, 141, 2, 1, '2021-10-23 08:32:07', 5),
(1387, 1, 9, 7, 76, 2, 0, '2021-10-23 13:15:27', 17),
(1388, 1, 9, 7, 89, 1, 0, '2021-10-23 13:19:09', 18),
(1389, 1, 9, 7, 96, 2, 0, '2021-10-23 13:19:22', 7),
(1390, 1, 9, 7, 130, 1, 0, '2021-10-23 13:19:39', 5),
(1391, 1, 9, 7, 123, 1, 0, '2021-10-23 13:19:55', 10),
(1392, 1, 9, 7, 140, 1, 0, '2021-10-23 13:20:07', 1),
(1393, 1, 9, 7, 113, 1, 0, '2021-10-23 13:20:19', 7),
(1394, 1, 9, 7, 89, 4, 0, '2021-10-23 13:20:53', 14),
(1395, 1, 9, 7, 147, 2, 0, '2021-10-23 13:21:07', 1),
(1396, 1, 9, 7, 141, 1, 0, '2021-10-23 13:21:19', 4),
(1397, 1, 9, 7, 157, 1, 0, '2021-10-23 13:21:37', 1),
(1398, 1, 9, 7, 164, 1, 0, '2021-10-23 13:21:53', 1),
(1399, 1, 9, 10, 155, 1, 0, '2021-10-23 13:22:17', 4),
(1400, 1, 9, 7, 154, 1, 0, '2021-10-23 13:22:30', 0),
(1401, 1, 9, 7, 222, 1, 0, '2021-10-23 14:25:01', 1),
(1402, 1, 9, 7, 55, 1, 0, '2021-10-26 10:56:41', 1),
(1403, 1, 9, 7, 105, 1, 0, '2021-10-27 14:04:47', 8),
(1404, 1, 9, 7, 232, 1, 0, '2021-10-27 14:05:01', 2),
(1405, 1, 9, 7, 412, 1, 1, '2021-10-27 15:29:59', 1),
(1406, 1, 9, 7, 233, 1, 1, '2021-10-27 15:57:16', 5),
(1407, 1, 9, 7, 409, 1, 1, '2021-10-27 16:00:33', 1),
(1408, 1, 9, 7, 76, 1, 1, '2021-10-27 16:01:51', 18),
(1409, 1, 9, 7, 233, 1, 1, '2021-10-27 16:13:30', 6),
(1410, 1, 9, 7, 46, 1, 1, '2021-10-27 16:14:29', 5),
(1411, 1, 9, 7, 209, 1, 1, '2021-10-27 16:22:51', 2),
(1412, 1, 9, 7, 46, 1, 1, '2021-10-27 16:25:16', 6),
(1413, 1, 9, 7, 46, 1, 1, '2021-10-27 16:31:29', 7),
(1414, 1, 9, 7, 411, 1, 1, '2021-10-27 16:35:02', 1),
(1415, 1, 9, 7, 45, 1, 1, '2021-10-27 16:35:53', 1),
(1416, 1, 9, 7, 123, 1, 1, '2021-10-27 16:39:02', 11),
(1417, 1, 9, 7, 154, 1, 1, '2021-10-27 16:39:44', 1),
(1418, 1, 9, 7, 109, 1, 1, '2021-10-28 10:54:46', 1),
(1419, 1, 9, 7, 109, 1, 0, '2021-10-28 10:55:20', 0),
(1420, 1, 9, 7, 410, 1, 1, '2021-10-30 14:44:44', 1),
(1421, 1, 9, 7, 369, 1, 1, '2021-10-30 14:45:01', 2),
(1422, 1, 9, 7, 166, 1, 1, '2021-10-30 14:45:07', 1),
(1423, 1, 9, 7, 45, 3, 1, '2021-10-30 14:45:17', 4),
(1424, 1, 9, 7, 46, 1, 1, '2021-10-30 14:45:23', 8),
(1425, 1, 9, 7, 409, 1, 1, '2021-10-30 14:45:29', 2),
(1426, 1, 9, 7, 113, 1, 1, '2021-10-30 14:45:37', 8),
(1427, 1, 9, 7, 148, 1, 1, '2021-10-30 14:45:41', 1),
(1428, 1, 9, 7, 410, 1, 0, '2021-10-30 14:46:01', 0),
(1429, 1, 9, 7, 369, 1, 0, '2021-10-30 14:46:25', 1),
(1430, 1, 9, 7, 105, 1, 0, '2021-10-30 14:50:29', 7),
(1431, 1, 9, 7, 222, 1, 0, '2021-10-30 14:52:55', 0),
(1432, 1, 9, 7, 158, 1, 0, '2021-11-01 14:28:25', 1),
(1433, 1, 9, 7, 76, 1, 0, '2021-11-02 16:33:15', 17),
(1434, 1, 9, 7, 304, 2, 1, '2021-11-03 15:22:31', 2),
(1435, 1, 9, 7, 96, 2, 1, '2021-11-03 15:22:48', 9),
(1436, 1, 9, 7, 113, 1, 1, '2021-11-03 15:23:27', 9),
(1437, 1, 9, 7, 113, 1, 1, '2021-11-03 15:23:33', 10),
(1438, 1, 9, 7, 134, 1, 1, '2021-11-03 15:23:52', 6),
(1439, 1, 9, 7, 58, 1, 1, '2021-11-03 15:24:10', 1),
(1440, 1, 9, 7, 236, 1, 1, '2021-11-03 15:26:59', 5),
(1441, 1, 9, 7, 413, 1, 1, '2021-11-03 15:27:04', 1),
(1442, 1, 9, 7, 236, 1, 1, '2021-11-03 15:27:13', 6),
(1443, 1, 9, 7, 233, 6, 0, '2021-11-04 10:41:30', 0),
(1444, 1, 9, 7, 96, 3, 0, '2021-11-04 10:41:44', 6),
(1445, 1, 9, 7, 106, 2, 0, '2021-11-04 10:42:04', 4),
(1446, 1, 9, 7, 113, 2, 0, '2021-11-04 10:42:16', 8),
(1447, 1, 9, 7, 134, 2, 0, '2021-11-04 10:42:26', 4),
(1448, 1, 9, 7, 304, 2, 0, '2021-11-04 10:42:37', 0),
(1449, 1, 9, 7, 76, 2, 0, '2021-11-05 16:21:19', 15),
(1450, 1, 9, 7, 58, 2, 1, '2021-11-05 16:26:02', 3),
(1451, 1, 9, 7, 96, 4, 1, '2021-11-05 16:26:06', 10),
(1452, 1, 9, 7, 156, 1, 1, '2021-11-05 16:26:16', 1),
(1453, 1, 9, 7, 58, 1, 1, '2021-11-05 16:26:34', 4),
(1454, 1, 9, 7, 96, 4, 0, '2021-11-05 16:28:42', 6),
(1455, 1, 9, 7, 58, 2, 0, '2021-11-05 16:28:55', 2),
(1456, 1, 9, 7, 411, 1, 0, '2021-11-05 16:29:25', 0),
(1457, 1, 9, 7, 412, 1, 0, '2021-11-05 16:29:39', 0),
(1458, 1, 9, 7, 45, 4, 0, '2021-11-05 16:29:54', 0),
(1459, 1, 9, 7, 165, 1, 0, '2021-11-05 16:30:32', 1),
(1460, 1, 9, 7, 166, 1, 0, '2021-11-05 16:30:55', 0),
(1461, 1, 9, 7, 413, 1, 0, '2021-11-05 16:31:10', 0),
(1462, 1, 9, 7, 89, 1, 0, '2021-11-05 16:36:07', 13),
(1463, 1, 9, 7, 414, 1, 1, '2021-11-08 13:52:36', 1),
(1464, 1, 9, 7, 76, 1, 1, '2021-11-08 13:52:47', 16),
(1465, 1, 9, 7, 228, 1, 1, '2021-11-08 13:52:53', 2),
(1466, 1, 9, 7, 76, 1, 1, '2021-11-08 13:52:58', 17),
(1467, 1, 9, 7, 134, 1, 1, '2021-11-08 13:53:01', 5),
(1468, 1, 9, 7, 236, 1, 1, '2021-11-08 13:53:04', 7),
(1469, 1, 9, 7, 414, 1, 0, '2021-11-08 13:53:29', 0),
(1470, 1, 9, 7, 276, 1, 0, '2021-11-10 09:17:48', 1),
(1471, 1, 9, 7, 106, 1, 0, '2021-11-10 09:18:03', 3),
(1472, 1, 9, 7, 96, 1, 0, '2021-11-10 09:18:15', 5),
(1473, 1, 9, 7, 148, 1, 1, '2021-11-11 14:09:09', 2),
(1474, 1, 9, 7, 96, 1, 1, '2021-11-11 14:09:29', 6),
(1475, 1, 9, 7, 123, 1, 1, '2021-11-11 14:10:32', 12),
(1476, 1, 9, 7, 129, 1, 1, '2021-11-11 14:10:39', 1),
(1477, 1, 9, 7, 130, 1, 1, '2021-11-11 14:11:18', 6),
(1478, 1, 9, 7, 29, 1, 0, '2021-11-11 15:38:45', 0),
(1479, 1, 9, 7, 96, 1, 0, '2021-11-11 16:41:52', 5),
(1480, 1, 9, 7, 166, 1, 1, '2021-11-12 16:40:02', 1),
(1481, 1, 9, 7, 373, 1, 1, '2021-11-12 16:40:11', 1),
(1482, 1, 9, 7, 112, 2, 1, '2021-11-12 16:40:27', 9),
(1483, 1, 9, 7, 340, 1, 1, '2021-11-12 16:40:46', 1),
(1484, 1, 9, 7, 107, 1, 1, '2021-11-12 16:42:06', 1),
(1485, 1, 9, 7, 408, 1, 1, '2021-11-12 16:42:18', 1),
(1486, 1, 9, 7, 415, 1, 1, '2021-11-12 16:42:24', 1),
(1487, 1, 9, 7, 305, 1, 1, '2021-11-12 16:42:28', 2),
(1488, 1, 9, 7, 222, 1, 1, '2021-11-12 16:42:32', 1),
(1489, 1, 9, 7, 107, 1, 0, '2021-11-12 16:43:38', 0),
(1490, 1, 9, 7, 340, 1, 0, '2021-11-13 14:23:49', 0),
(1491, 1, 9, 7, 416, 1, 1, '2021-11-16 10:37:39', 1),
(1492, 1, 9, 7, 416, 1, 1, '2021-11-16 10:37:40', 2),
(1493, 1, 9, 7, 159, 1, 1, '2021-11-16 10:38:11', 2),
(1494, 1, 9, 7, 413, 1, 1, '2021-11-16 10:39:15', 1),
(1495, 1, 9, 7, 46, 1, 1, '2021-11-17 09:49:36', 9),
(1496, 1, 9, 7, 225, 1, 1, '2021-11-17 09:49:42', 2),
(1497, 1, 9, 7, 123, 2, 1, '2021-11-17 09:50:07', 14),
(1498, 1, 9, 7, 89, 2, 1, '2021-11-17 09:50:21', 15),
(1499, 1, 9, 7, 89, 1, 1, '2021-11-17 09:50:26', 16),
(1500, 1, 9, 7, 228, 1, 1, '2021-11-17 09:50:29', 3),
(1501, 1, 9, 7, 46, 1, 0, '2021-11-17 13:16:40', 8),
(1502, 1, 9, 7, 415, 1, 0, '2021-11-17 13:16:57', 0),
(1503, 1, 9, 7, 228, 1, 0, '2021-11-17 16:16:29', 2),
(1504, 1, 9, 7, 373, 1, 0, '2021-11-19 15:11:43', 0),
(1505, 1, 9, 7, 41, 4, 1, '2021-11-19 15:14:37', 4),
(1506, 1, 9, 7, 46, 3, 0, '2021-11-19 15:15:42', 5),
(1507, 1, 9, 7, 58, 2, 0, '2021-11-19 15:16:01', 0),
(1508, 1, 9, 7, 89, 2, 0, '2021-11-19 15:16:26', 14),
(1509, 1, 9, 7, 95, 1, 0, '2021-11-19 15:16:43', 3),
(1510, 1, 9, 7, 124, 2, 0, '2021-11-19 15:17:10', 0),
(1511, 1, 9, 7, 132, 2, 0, '2021-11-19 15:17:30', 0),
(1512, 1, 9, 7, 134, 2, 0, '2021-11-19 15:17:51', 3),
(1513, 1, 9, 7, 416, 1, 0, '2021-11-19 15:18:14', 1),
(1514, 1, 9, 10, 159, 1, 0, '2021-11-19 15:18:35', 1),
(1515, 1, 9, 7, 413, 1, 0, '2021-11-19 15:18:49', 0),
(1516, 1, 9, 7, 166, 1, 0, '2021-11-19 15:19:05', 0),
(1517, 1, 9, 7, 41, 4, 0, '2021-11-19 15:19:48', 0),
(1518, 1, 9, 7, 321, 2, 0, '2021-11-19 15:20:10', 2),
(1519, 1, 9, 7, 419, 8, 1, '2021-11-23 09:42:07', 8),
(1520, 1, 9, 7, 96, 1, 1, '2021-11-23 09:46:40', 6),
(1521, 1, 9, 7, 107, 1, 1, '2021-11-23 09:48:14', 1),
(1522, 1, 9, 7, 96, 1, 1, '2021-11-24 09:15:41', 7),
(1523, 1, 9, 7, 105, 1, 0, '2021-11-25 10:30:39', 6),
(1524, 1, 9, 7, 419, 8, 0, '2021-11-25 16:36:21', 0),
(1525, 1, 9, 7, 96, 1, 0, '2021-11-25 16:36:31', 6),
(1526, 1, 9, 7, 123, 2, 0, '2021-11-25 16:38:06', 12),
(1527, 1, 9, 7, 121, 1, 0, '2021-11-25 16:38:19', 3),
(1528, 1, 9, 7, 112, 2, 0, '2021-11-25 16:38:36', 7),
(1529, 1, 9, 7, 107, 1, 0, '2021-11-25 16:38:47', 0),
(1530, 1, 9, 7, 228, 1, 1, '2021-11-27 11:01:09', 3),
(1531, 1, 9, 7, 417, 1, 1, '2021-11-27 11:01:15', 1),
(1532, 1, 9, 7, 321, 2, 1, '2021-11-27 11:01:31', 4),
(1533, 1, 9, 7, 143, 1, 1, '2021-11-27 11:01:37', 9),
(1534, 1, 9, 7, 340, 2, 1, '2021-11-27 11:01:56', 2),
(1535, 1, 9, 7, 134, 1, 1, '2021-11-27 11:02:02', 4),
(1536, 1, 9, 7, 421, 1, 1, '2021-11-27 11:02:11', 1),
(1537, 1, 9, 7, 141, 2, 1, '2021-11-27 11:02:29', 6),
(1538, 1, 9, 7, 314, 1, 1, '2021-11-27 11:03:37', 2),
(1539, 1, 9, 7, 44, 1, 0, '2021-11-27 11:04:30', 1),
(1540, 1, 9, 7, 417, 1, 0, '2021-11-27 11:04:52', 0),
(1541, 1, 9, 7, 89, 1, 0, '2021-11-27 14:32:14', 13),
(1542, 1, 9, 7, 123, 1, 0, '2021-11-29 10:46:07', 11),
(1543, 1, 9, 7, 324, 1, 1, '2021-11-30 09:38:27', 3),
(1544, 1, 9, 7, 76, 2, 1, '2021-11-30 09:38:46', 19),
(1545, 1, 9, 7, 87, 1, 1, '2021-11-30 09:39:31', 7),
(1546, 1, 9, 7, 95, 1, 1, '2021-11-30 09:41:34', 4),
(1547, 1, 9, 7, 107, 1, 1, '2021-11-30 09:41:49', 1),
(1548, 1, 9, 7, 165, 1, 1, '2021-11-30 09:41:56', 2),
(1549, 1, 9, 7, 314, 1, 0, '2021-11-30 09:47:51', 1),
(1550, 1, 9, 7, 340, 2, 0, '2021-11-30 09:49:27', 0),
(1551, 1, 9, 7, 324, 1, 0, '2021-11-30 09:49:40', 2),
(1552, 1, 9, 7, 347, 1, 1, '2021-11-30 11:23:25', 1),
(1553, 1, 9, 7, 87, 1, 1, '2021-11-30 13:54:29', 8),
(1554, 1, 9, 7, 76, 2, 1, '2021-11-30 13:54:37', 21),
(1555, 1, 9, 7, 74, 2, 1, '2021-11-30 13:55:09', 16),
(1556, 1, 9, 7, 420, 1, 1, '2021-11-30 13:55:40', 1),
(1557, 1, 9, 7, 420, 1, 1, '2021-11-30 17:18:32', 2),
(1558, 1, 9, 7, 422, 1, 1, '2021-11-30 17:18:41', 1),
(1559, 1, 9, 7, 423, 1, 1, '2021-11-30 17:18:50', 1),
(1560, 1, 9, 7, 74, 2, 0, '2021-11-30 17:19:29', 14),
(1561, 1, 9, 7, 76, 4, 0, '2021-11-30 17:19:47', 17),
(1562, 1, 9, 7, 87, 2, 0, '2021-11-30 17:20:00', 6),
(1563, 1, 9, 7, 95, 1, 0, '2021-11-30 17:20:11', 3),
(1564, 1, 9, 7, 141, 2, 0, '2021-12-01 09:02:11', 4),
(1565, 1, 9, 7, 165, 1, 0, '2021-12-01 09:02:28', 1),
(1566, 1, 9, 7, 421, 1, 0, '2021-12-01 09:02:38', 0),
(1567, 1, 9, 7, 420, 2, 0, '2021-12-01 09:03:26', 0),
(1568, 1, 9, 7, 422, 1, 0, '2021-12-01 09:04:08', 0),
(1569, 1, 9, 7, 423, 1, 0, '2021-12-01 09:04:19', 0),
(1570, 1, 9, 7, 347, 1, 0, '2021-12-01 09:04:35', 0),
(1571, 1, 9, 7, 140, 1, 0, '2021-12-01 09:05:05', 0),
(1572, 1, 9, 7, 123, 1, 0, '2021-12-01 16:08:08', 10),
(1573, 1, 9, 7, 158, 1, 0, '2021-12-01 16:08:25', 0),
(1574, 1, 9, 7, 95, 1, 0, '2021-12-01 16:08:36', 2),
(1575, 1, 9, 7, 59, 1, 0, '2021-12-01 16:14:45', 4),
(1576, 1, 9, 7, 107, 1, 0, '2021-12-01 16:14:57', 0),
(1577, 1, 9, 7, 130, 1, 0, '2021-12-01 16:15:18', 5),
(1578, 1, 9, 7, 46, 1, 0, '2021-12-01 16:16:03', 4),
(1579, 1, 9, 7, 134, 1, 0, '2021-12-01 16:19:35', 3),
(1580, 1, 9, 7, 408, 1, 0, '2021-12-02 13:37:28', 0),
(1581, 1, 9, 7, 305, 1, 0, '2021-12-02 13:37:39', 1),
(1582, 1, 9, 7, 156, 1, 0, '2021-12-02 13:37:56', 0),
(1583, 1, 9, 7, 141, 1, 0, '2021-12-02 13:38:07', 3),
(1584, 1, 9, 7, 425, 1, 1, '2021-12-06 09:36:48', 1),
(1585, 1, 9, 7, 384, 1, 1, '2021-12-06 09:36:52', 1),
(1586, 1, 9, 7, 385, 1, 1, '2021-12-06 09:36:55', 1),
(1587, 1, 9, 7, 418, 1, 1, '2021-12-06 09:36:59', 1),
(1588, 1, 9, 7, 426, 1, 1, '2021-12-06 09:37:04', 1),
(1589, 1, 9, 7, 424, 1, 1, '2021-12-06 09:37:08', 1),
(1590, 1, 9, 7, 41, 1, 1, '2021-12-07 09:34:16', 1),
(1591, 1, 9, 7, 150, 1, 1, '2021-12-07 09:34:21', 2),
(1592, 1, 9, 7, 106, 1, 1, '2021-12-07 09:34:24', 4),
(1593, 1, 9, 7, 158, 1, 1, '2021-12-07 09:34:31', 1),
(1594, 1, 9, 7, 148, 1, 1, '2021-12-07 09:34:36', 3),
(1595, 1, 9, 7, 165, 1, 1, '2021-12-07 09:34:40', 2),
(1596, 1, 9, 7, 44, 1, 1, '2021-12-07 09:34:47', 2),
(1597, 1, 9, 7, 163, 1, 0, '2021-12-07 10:04:26', 2),
(1598, 1, 9, 7, 123, 1, 0, '2021-12-07 10:06:00', 9),
(1599, 1, 9, 7, 426, 1, 0, '2021-12-07 10:06:19', 0),
(1600, 1, 9, 7, 425, 1, 0, '2021-12-07 10:06:38', 0),
(1601, 1, 9, 7, 424, 1, 0, '2021-12-07 10:06:52', 0),
(1602, 1, 9, 7, 385, 1, 0, '2021-12-07 10:07:53', 0),
(1603, 1, 9, 7, 384, 1, 0, '2021-12-07 10:09:20', 0),
(1604, 1, 9, 7, 141, 2, 1, '2021-12-07 10:10:09', 5),
(1605, 1, 9, 7, 225, 1, 1, '2021-12-07 10:10:40', 3),
(1606, 1, 9, 7, 143, 1, 1, '2021-12-07 10:10:56', 10),
(1607, 1, 9, 7, 46, 2, 1, '2021-12-07 10:11:11', 6),
(1608, 1, 9, 7, 113, 1, 1, '2021-12-07 10:11:23', 9),
(1609, 1, 9, 7, 124, 1, 1, '2021-12-07 10:11:33', 1),
(1610, 1, 9, 7, 113, 1, 1, '2021-12-07 10:11:40', 10),
(1611, 1, 9, 7, 225, 1, 0, '2021-12-07 10:13:44', 2),
(1612, 1, 9, 7, 123, 1, 1, '2021-12-10 11:12:13', 10),
(1613, 1, 9, 7, 105, 2, 1, '2021-12-10 11:12:34', 8),
(1614, 1, 9, 7, 96, 2, 1, '2021-12-10 11:12:46', 8),
(1615, 1, 9, 7, 96, 2, 1, '2021-12-10 11:12:50', 10),
(1616, 1, 9, 7, 76, 1, 1, '2021-12-10 11:12:58', 18),
(1617, 1, 9, 7, 76, 2, 1, '2021-12-10 11:15:14', 20),
(1618, 1, 9, 7, 132, 1, 1, '2021-12-10 11:15:20', 1),
(1619, 1, 9, 7, 105, 1, 1, '2021-12-10 11:15:40', 9),
(1620, 1, 9, 7, 44, 1, 1, '2021-12-10 11:15:46', 3),
(1621, 1, 9, 7, 96, 1, 1, '2021-12-10 11:15:50', 11),
(1622, 1, 9, 7, 105, 1, 1, '2021-12-10 11:15:59', 10),
(1623, 1, 9, 7, 113, 2, 1, '2021-12-10 11:30:09', 12),
(1624, 1, 9, 7, 46, 2, 0, '2021-12-10 11:33:48', 4),
(1625, 1, 9, 7, 44, 1, 0, '2021-12-10 11:34:00', 2),
(1626, 1, 9, 7, 76, 3, 0, '2021-12-10 11:35:41', 17),
(1627, 1, 9, 7, 96, 2, 0, '2021-12-10 11:35:55', 9),
(1628, 1, 9, 7, 105, 2, 0, '2021-12-10 11:36:17', 8),
(1629, 1, 9, 7, 113, 2, 0, '2021-12-10 11:36:28', 10),
(1630, 1, 9, 7, 141, 2, 0, '2021-12-10 11:36:41', 3),
(1631, 1, 9, 7, 132, 1, 0, '2021-12-10 11:36:57', 0),
(1632, 1, 9, 7, 129, 1, 0, '2021-12-10 11:37:07', 0),
(1633, 1, 9, 7, 143, 1, 0, '2021-12-10 11:37:43', 9),
(1634, 1, 9, 7, 44, 1, 0, '2021-12-11 14:07:52', 1),
(1635, 1, 9, 7, 430, 1, 1, '2021-12-14 08:54:34', 1),
(1636, 1, 9, 7, 429, 1, 1, '2021-12-14 08:54:40', 1),
(1637, 1, 9, 7, 428, 1, 1, '2021-12-14 08:54:45', 1),
(1638, 1, 9, 7, 112, 2, 1, '2021-12-14 08:54:48', 9),
(1639, 1, 9, 7, 348, 1, 1, '2021-12-14 08:54:52', 1),
(1640, 1, 9, 7, 340, 1, 1, '2021-12-14 08:54:57', 1),
(1641, 1, 9, 7, 428, 1, 0, '2021-12-14 08:55:18', 0),
(1642, 1, 9, 7, 420, 2, 1, '2021-12-14 08:55:36', 2),
(1643, 1, 9, 7, 420, 1, 1, '2021-12-14 09:47:03', 3),
(1644, 1, 9, 7, 113, 2, 1, '2021-12-14 09:47:11', 12),
(1645, 1, 9, 7, 427, 1, 1, '2021-12-14 09:50:39', 1),
(1646, 1, 9, 7, 427, 1, 1, '2021-12-14 09:50:42', 2),
(1647, 1, 9, 7, 150, 1, 1, '2021-12-17 09:50:02', 3),
(1648, 1, 9, 7, 132, 1, 1, '2021-12-17 09:50:28', 1),
(1649, 1, 9, 7, 431, 1, 1, '2021-12-17 15:28:12', 1),
(1650, 1, 9, 7, 417, 1, 1, '2021-12-17 15:28:18', 1),
(1651, 1, 9, 7, 158, 1, 0, '2021-12-17 15:29:29', 0),
(1652, 1, 9, 7, 165, 1, 0, '2021-12-17 15:29:47', 1),
(1653, 1, 9, 7, 150, 1, 0, '2021-12-17 15:29:57', 2),
(1654, 1, 9, 7, 431, 1, 0, '2021-12-17 15:30:05', 0),
(1655, 1, 9, 7, 89, 2, 1, '2021-12-18 08:34:41', 15),
(1656, 1, 9, 7, 124, 1, 1, '2021-12-20 14:20:08', 2),
(1657, 1, 9, 7, 150, 1, 1, '2021-12-20 14:20:13', 3),
(1658, 1, 9, 7, 433, 1, 1, '2021-12-20 14:20:26', 1),
(1659, 1, 9, 7, 123, 1, 1, '2021-12-20 14:20:30', 11),
(1660, 1, 9, 7, 276, 1, 1, '2021-12-20 14:20:35', 2),
(1661, 1, 9, 7, 321, 1, 1, '2021-12-20 14:20:39', 5),
(1662, 1, 9, 7, 132, 1, 1, '2021-12-20 14:20:43', 2),
(1663, 1, 9, 7, 314, 1, 1, '2021-12-20 14:20:50', 2),
(1664, 1, 9, 7, 134, 1, 1, '2021-12-20 14:20:58', 4),
(1665, 1, 9, 7, 321, 2, 1, '2021-12-20 14:21:05', 7),
(1666, 1, 9, 7, 113, 3, 1, '2021-12-20 14:21:15', 15),
(1667, 1, 9, 7, 165, 1, 1, '2021-12-20 14:21:23', 2),
(1668, 1, 9, 7, 141, 1, 1, '2021-12-20 14:21:29', 4),
(1669, 1, 9, 7, 76, 1, 1, '2021-12-20 17:06:59', 18),
(1670, 1, 9, 7, 429, 1, 0, '2021-12-21 09:57:22', 0),
(1671, 1, 9, 7, 340, 1, 0, '2021-12-21 09:57:31', 0),
(1672, 1, 9, 7, 348, 1, 0, '2021-12-21 09:57:45', 0),
(1673, 1, 9, 7, 432, 1, 1, '2021-12-21 10:00:26', 1),
(1674, 1, 9, 7, 420, 1, 0, '2021-12-21 10:01:17', 2),
(1675, 1, 9, 7, 113, 4, 0, '2021-12-21 10:01:48', 11),
(1676, 1, 9, 7, 112, 2, 0, '2021-12-21 10:02:04', 7),
(1677, 1, 9, 7, 321, 2, 0, '2021-12-21 10:02:54', 5),
(1678, 1, 9, 7, 132, 1, 0, '2021-12-21 10:03:09', 1),
(1679, 1, 9, 7, 150, 1, 0, '2021-12-21 10:05:01', 2),
(1680, 1, 9, 7, 314, 1, 0, '2021-12-21 10:05:11', 1),
(1681, 1, 9, 7, 321, 1, 0, '2021-12-21 10:06:27', 4),
(1682, 1, 9, 7, 433, 1, 0, '2021-12-21 10:06:38', 0),
(1683, 1, 9, 7, 89, 4, 0, '2021-12-21 10:36:08', 11),
(1684, 1, 9, 7, 123, 1, 0, '2021-12-21 10:36:33', 10),
(1685, 1, 9, 7, 113, 2, 0, '2021-12-21 10:36:48', 9),
(1686, 1, 9, 7, 427, 2, 0, '2021-12-21 10:37:03', 0),
(1687, 1, 9, 7, 134, 1, 0, '2021-12-21 10:37:24', 3),
(1688, 1, 9, 7, 124, 1, 0, '2021-12-21 10:37:36', 1),
(1689, 1, 9, 7, 121, 1, 0, '2021-12-21 10:39:46', 2),
(1690, 1, 9, 7, 434, 1, 1, '2021-12-23 16:11:05', 1),
(1691, 1, 9, 7, 165, 1, 0, '2021-12-23 16:11:32', 1),
(1692, 1, 9, 7, 278, 1, 0, '2021-12-23 16:11:46', 1),
(1693, 1, 9, 7, 434, 1, 0, '2021-12-23 16:12:12', 0),
(1694, 1, 9, 7, 437, 1, 1, '2021-12-27 08:31:59', 1),
(1695, 1, 9, 7, 105, 1, 0, '2021-12-27 10:36:51', 7),
(1696, 1, 9, 7, 105, 2, 0, '2021-12-27 10:37:02', 5),
(1697, 1, 9, 7, 46, 1, 0, '2021-12-27 10:37:14', 3),
(1698, 1, 9, 7, 35, 1, 0, '2021-12-27 10:37:36', 0),
(1699, 1, 9, 7, 124, 1, 0, '2021-12-27 10:37:51', 0),
(1700, 1, 9, 7, 176, 1, 1, '2021-12-28 14:06:29', 1),
(1701, 1, 9, 7, 439, 1, 1, '2021-12-28 14:06:35', 1),
(1702, 1, 9, 7, 379, 1, 1, '2021-12-28 14:06:40', 1),
(1703, 1, 9, 7, 395, 1, 1, '2021-12-28 14:06:46', 1),
(1704, 1, 9, 7, 438, 1, 1, '2021-12-28 14:06:52', 1),
(1705, 1, 9, 7, 437, 1, 0, '2021-12-29 16:24:45', 0),
(1706, 1, 9, 7, 176, 1, 0, '2021-12-29 16:24:57', 0),
(1707, 1, 9, 7, 438, 1, 0, '2021-12-29 16:25:12', 0),
(1708, 1, 9, 7, 439, 1, 0, '2021-12-29 16:25:27', 0),
(1709, 1, 9, 7, 379, 1, 0, '2021-12-29 16:25:40', 0),
(1710, 1, 9, 7, 440, 1, 1, '2022-01-03 08:52:22', 1),
(1711, 1, 9, 7, 440, 1, 0, '2022-01-03 08:53:25', 0);

-- --------------------------------------------------------

--
-- Struktur dari tabel `users`
--

CREATE TABLE `users` (
  `id` bigint(20) UNSIGNED NOT NULL,
  `name` varchar(255) COLLATE utf8mb4_unicode_ci NOT NULL,
  `email` varchar(255) COLLATE utf8mb4_unicode_ci DEFAULT NULL,
  `username` varchar(25) COLLATE utf8mb4_unicode_ci NOT NULL,
  `role` int(1) NOT NULL DEFAULT 1 COMMENT '0 = Admin; 1 = User;',
  `email_verified_at` timestamp NULL DEFAULT NULL,
  `password` varchar(255) COLLATE utf8mb4_unicode_ci NOT NULL,
  `remember_token` varchar(100) COLLATE utf8mb4_unicode_ci DEFAULT NULL,
  `created_at` timestamp NULL DEFAULT NULL,
  `updated_at` timestamp NULL DEFAULT NULL
) ENGINE=InnoDB DEFAULT CHARSET=utf8mb4 COLLATE=utf8mb4_unicode_ci;

--
-- Dumping data untuk tabel `users`
--

INSERT INTO `users` (`id`, `name`, `email`, `username`, `role`, `email_verified_at`, `password`, `remember_token`, `created_at`, `updated_at`) VALUES
(6, 'kevin', NULL, 'kevin', 0, NULL, '$2y$10$ykRn5voIDVXxXlaxck9MB.jKbFbUgF7ac4U5uzJnPTpGa5VdbU1om', NULL, NULL, NULL),
(7, 'william', NULL, 'williamsanusi', 1, NULL, '$2y$10$swOx1jrOVgEmJykDV8WEhecVhGMSndw5kM1JoGylVMHAm8CAU.Kl6', NULL, NULL, NULL),
(8, 'robi', NULL, 'robi', 0, NULL, '$2y$10$kgNBdVAifXqn36lnZEWW3OsweuHM58sZy7bcRSJrVmObZZ7bYjV9y', NULL, NULL, NULL),
(9, 'via', NULL, 'via', 1, NULL, '$2y$10$XuFS.ZULrgU/sKPXqKYutu3sowLw333g1.xo57vscWiUw2chZYGei', 'wPHkhyVGFC9CYmvZe10uNMp1f8UbbY9IyRE9znPw2kThguA2DprOmnDQpBJM', NULL, NULL),
(10, 'dewi', NULL, 'dewi', 1, NULL, '$2y$10$oH9fT8FNQPf4TnawY5hUAuuksz3rskTSlF4maUYJlBpXKKS9a5W/q', NULL, NULL, NULL),
(11, 'irma', NULL, 'irma', 1, NULL, '$2y$10$zAiZXdGAtarbJ1qaMcxaRuo.sZVHJunyb28m40m2NuvZB5lDXJQ/6', NULL, NULL, NULL),
(12, 'fiona', NULL, 'fiona', 1, NULL, '$2y$10$bAJ6wYI2Z/neDpU5v9wVOOdfmOKE0qED7GV.3qPFRHaSytymMhjMS', NULL, NULL, NULL),
(13, 'robo', NULL, 'robo', 1, NULL, '$2y$10$px5cjG9gd1Gydj/jCTIq2uCwQDwSTxLh43z6QM/3yvCJEccNp1T36', NULL, NULL, NULL);

-- --------------------------------------------------------

--
-- Struktur dari tabel `warehouse`
--

CREATE TABLE `warehouse` (
  `warehouse_id` bigint(255) NOT NULL,
  `warehouse_name` varchar(255) NOT NULL
) ENGINE=InnoDB DEFAULT CHARSET=utf8mb4;

--
-- Dumping data untuk tabel `warehouse`
--

INSERT INTO `warehouse` (`warehouse_id`, `warehouse_name`) VALUES
(1, 'PKLS1'),
(2, 'PKLS2'),
(3, 'PKLS3'),
(4, 'PKLS4');

--
-- Indexes for dumped tables
--

--
-- Indeks untuk tabel `categories`
--
ALTER TABLE `categories`
  ADD PRIMARY KEY (`category_id`);

--
-- Indeks untuk tabel `products`
--
ALTER TABLE `products`
  ADD PRIMARY KEY (`product_id`);

--
-- Indeks untuk tabel `products_wip`
--
ALTER TABLE `products_wip`
  ADD PRIMARY KEY (`product_wip_id`);

--
-- Indeks untuk tabel `shelf`
--
ALTER TABLE `shelf`
  ADD PRIMARY KEY (`shelf_id`);

--
-- Indeks untuk tabel `stock`
--
ALTER TABLE `stock`
  ADD PRIMARY KEY (`stock_id`);

--
-- Indeks untuk tabel `users`
--
ALTER TABLE `users`
  ADD PRIMARY KEY (`id`),
  ADD UNIQUE KEY `username_2` (`username`),
  ADD UNIQUE KEY `users_email_unique` (`email`),
  ADD KEY `username` (`username`);

--
-- Indeks untuk tabel `warehouse`
--
ALTER TABLE `warehouse`
  ADD PRIMARY KEY (`warehouse_id`);

--
-- AUTO_INCREMENT untuk tabel yang dibuang
--

--
-- AUTO_INCREMENT untuk tabel `categories`
--
ALTER TABLE `categories`
  MODIFY `category_id` bigint(255) NOT NULL AUTO_INCREMENT, AUTO_INCREMENT=13;

--
-- AUTO_INCREMENT untuk tabel `products`
--
ALTER TABLE `products`
  MODIFY `product_id` bigint(255) NOT NULL AUTO_INCREMENT, AUTO_INCREMENT=442;

--
-- AUTO_INCREMENT untuk tabel `products_wip`
--
ALTER TABLE `products_wip`
  MODIFY `product_wip_id` bigint(255) NOT NULL AUTO_INCREMENT, AUTO_INCREMENT=717;

--
-- AUTO_INCREMENT untuk tabel `shelf`
--
ALTER TABLE `shelf`
  MODIFY `shelf_id` bigint(255) NOT NULL AUTO_INCREMENT, AUTO_INCREMENT=11;

--
-- AUTO_INCREMENT untuk tabel `stock`
--
ALTER TABLE `stock`
  MODIFY `stock_id` bigint(255) NOT NULL AUTO_INCREMENT, AUTO_INCREMENT=1712;

--
-- AUTO_INCREMENT untuk tabel `users`
--
ALTER TABLE `users`
  MODIFY `id` bigint(20) UNSIGNED NOT NULL AUTO_INCREMENT, AUTO_INCREMENT=14;

--
-- AUTO_INCREMENT untuk tabel `warehouse`
--
ALTER TABLE `warehouse`
  MODIFY `warehouse_id` bigint(255) NOT NULL AUTO_INCREMENT, AUTO_INCREMENT=5;
COMMIT;

/*!40101 SET CHARACTER_SET_CLIENT=@OLD_CHARACTER_SET_CLIENT */;
/*!40101 SET CHARACTER_SET_RESULTS=@OLD_CHARACTER_SET_RESULTS */;
/*!40101 SET COLLATION_CONNECTION=@OLD_COLLATION_CONNECTION */;
